2020-04-24 00:00:00,755090,157,3
2020-04-23 00:00:00,742972,433,3
2020-04-22 00:00:00,711721,346,3
2020-04-21 00:00:00,688032,1,3
2020-04-20 00:00:00,688196,-424,3
2020-04-19 00:00:00,718942,-98,3
2020-04-18 00:00:00,725766,233,3
2020-04-17 00:00:00,709618,-29,3
2020-04-16 00:00:00,711680,717,3
2020-04-15 00:00:00,664211,-297,3
2020-04-14 00:00:00,684243,-1,3
2020-04-13 00:00:00,684504,-173,3
2020-04-12 00:00:00,697109,165,3
2020-04-11 00:00:00,685908,-12,3
2020-04-10 00:00:00,686549,-600,3
2020-04-09 00:00:00,730209,-49,3
2020-04-08 00:00:00,733410,216,3
2020-04-07 00:00:00,717641,-134,3
2020-04-06 00:00:00,727178,713,3
2020-04-05 00:00:00,679113,-104,3
2020-04-04 00:00:00,686753,192,3
2020-04-03 00:00:00,673339,-94,3
2020-04-02 00:00:00,679362,283,3
2020-04-01 00:00:00,660678,263,3
2020-03-31 00:00:00,643864,12,3
2020-03-30 00:00:00,642984,851,3
2020-03-29 00:00:00,592204,-518,3
2020-03-28 00:00:00,624219,-348,3
2020-03-27 00:00:00,646980,-371,3
2020-03-26 00:00:00,671644,62,3
2020-03-25 00:00:00,668106,-86,3
2020-03-24 00:00:00,673480,463,3
2020-03-23 00:00:00,641631,1003,3
2020-03-22 00:00:00,583025,-574,3
2020-03-21 00:00:00,618507,-35,3
2020-03-20 00:00:00,619878,12,3
2020-03-19 00:00:00,619119,1803,3
2020-03-18 00:00:00,523844,22,3
2020-03-17 00:00:00,522563,446,3
2020-03-16 00:00:00,501448,-688,3
2020-03-15 00:00:00,539231,368,3
2020-03-14 00:00:00,520037,-669,3
2020-03-13 00:00:00,556371,1088,3
2020-03-12 00:00:00,497079,-3719,3
2020-03-11 00:00:00,791143,2,3
2020-03-10 00:00:00,790973,-16,3
2020-03-09 00:00:00,792364,-231,3
2020-03-08 00:00:00,810812,-898,3
2020-03-07 00:00:00,890995,-232,3
2020-03-06 00:00:00,912255,49,3
2020-03-05 00:00:00,907876,364,3
2020-03-04 00:00:00,875525,-38,3
2020-03-03 00:00:00,878779,-88,3
2020-03-02 00:00:00,886967,358,3
2020-03-01 00:00:00,856245,-43,3
2020-02-29 00:00:00,859951,-83,3
2020-02-28 00:00:00,867246,-132,3
2020-02-27 00:00:00,878449,-46,3
2020-02-26 00:00:00,882052,-554,3
2020-02-25 00:00:00,934171,-321,3
2020-02-24 00:00:00,965017,-274,3
2020-02-23 00:00:00,992452,270,3
2020-02-22 00:00:00,966318,-25,3
2020-02-21 00:00:00,968644,78,3
2020-02-20 00:00:00,960848,-22,3
2020-02-19 00:00:00,963339,-503,3
2020-02-18 00:00:00,1014200,465,3
2020-02-17 00:00:00,969014,-248,3
2020-02-16 00:00:00,993443,46,3
2020-02-15 00:00:00,988942,-412,3
2020-02-14 00:00:00,1031212,98,3
2020-02-13 00:00:00,1021438,-106,3
2020-02-12 00:00:00,1032605,121,3
2020-02-11 00:00:00,1020824,358,3
2020-02-10 00:00:00,985661,-256,3
2020-02-09 00:00:00,1011667,256,3
2020-02-08 00:00:00,986512,74,3
2020-02-07 00:00:00,979594,72,3
2020-02-06 00:00:00,972980,116,3
2020-02-05 00:00:00,961342,468,3
2020-02-04 00:00:00,918096,-120,3
2020-02-03 00:00:00,929352,-55,3
2020-02-02 00:00:00,934437,-48,3
2020-02-01 00:00:00,939288,50,3
2020-01-31 00:00:00,935053,-166,3
2020-01-30 00:00:00,950899,207,3
2020-01-29 00:00:00,931663,-44,3
2020-01-28 00:00:00,935859,500,3
2020-01-27 00:00:00,890982,363,3
2020-01-26 00:00:00,859683,278,3
2020-01-25 00:00:00,836785,-86,3
2020-01-24 00:00:00,844543,47,3
2020-01-23 00:00:00,840652,-316,3
2020-01-22 00:00:00,868088,-72,3
2020-01-21 00:00:00,874589,100,3
2020-01-20 00:00:00,865764,-54,3
2020-01-19 00:00:00,870625,-263,3
2020-01-18 00:00:00,894281,17,3
2020-01-17 00:00:00,892904,234,3
2020-01-16 00:00:00,872379,-101,3
2020-01-15 00:00:00,880701,-21,3
2020-01-14 00:00:00,882776,844,3
2020-01-13 00:00:00,814419,-56,3
2020-01-12 00:00:00,819249,198,3
2020-01-11 00:00:00,803754,-153,3
2020-01-10 00:00:00,816655,366,3
2020-01-09 00:00:00,787907,-251,3
2020-01-08 00:00:00,807986,-101,3
2020-01-07 00:00:00,816369,508,3
2020-01-06 00:00:00,776922,484,3
2020-01-05 00:00:00,741132,1,3
2020-01-04 00:00:00,741066,89,3
2020-01-03 00:00:00,734488,516,3
2020-01-02 00:00:00,698547,-301,3
2020-01-01 00:00:00,720017,7,3
2019-12-31 00:00:00,719360,-138,3
2019-12-30 00:00:00,729300,-172,3
2019-12-29 00:00:00,742265,143,3
2019-12-28 00:00:00,731799,40,3
2019-12-27 00:00:00,729009,72,3
2019-12-26 00:00:00,723897,-49,3
2019-12-25 00:00:00,727516,-69,3
2019-12-24 00:00:00,732253,-43,3
2019-12-23 00:00:00,735563,-204,3
2019-12-22 00:00:00,751159,446,3
2019-12-21 00:00:00,719116,-41,3
2019-12-20 00:00:00,721882,14,3
2019-12-19 00:00:00,720284,-103,3
2019-12-18 00:00:00,727680,946,3
2019-12-17 00:00:00,664052,-420,3
2019-12-16 00:00:00,693248,-309,3
2019-12-15 00:00:00,715230,39,3
2019-12-14 00:00:00,712467,-198,3
2019-12-13 00:00:00,726968,35,3
2019-12-12 00:00:00,724313,37,3
2019-12-11 00:00:00,721743,-82,3
2019-12-10 00:00:00,727812,-161,3
2019-12-09 00:00:00,740090,-213,3
2019-12-08 00:00:00,756435,17,3
2019-12-07 00:00:00,755624,12,3
2019-12-06 00:00:00,754700,129,3
2019-12-05 00:00:00,744831,269,3
2019-12-04 00:00:00,725203,-93,3
2019-12-03 00:00:00,732015,-5,3
2019-12-02 00:00:00,732199,-137,3
2019-12-01 00:00:00,742429,-195,3
2019-11-30 00:00:00,756963,-250,3
2019-11-29 00:00:00,776124,394,3
2019-11-28 00:00:00,746311,-98,3
2019-11-27 00:00:00,753166,430,3
2019-11-26 00:00:00,721837,102,3
2019-11-25 00:00:00,714613,151,3
2019-11-24 00:00:00,704792,-474,3
2019-11-23 00:00:00,739780,139,3
2019-11-22 00:00:00,729658,-454,3
2019-11-21 00:00:00,764275,-475,3
2019-11-20 00:00:00,802727,-215,3
2019-11-19 00:00:00,820615,-119,3
2019-11-18 00:00:00,830929,-309,3
2019-11-17 00:00:00,857798,33,3
2019-11-16 00:00:00,855076,70,3
2019-11-15 00:00:00,849199,-245,3
2019-11-14 00:00:00,870810,-118,3
2019-11-13 00:00:00,880826,-4,3
2019-11-12 00:00:00,881566,64,3
2019-11-11 00:00:00,875779,-330,3
2019-11-10 00:00:00,905553,276,3
2019-11-09 00:00:00,881358,5,3
2019-11-08 00:00:00,880488,-497,3
2019-11-07 00:00:00,926756,-91,3
2019-11-06 00:00:00,936088,21,3
2019-11-05 00:00:00,934253,-75,3
2019-11-04 00:00:00,941261,192,3
2019-11-03 00:00:00,923535,-96,3
2019-11-02 00:00:00,932472,70,3
2019-11-01 00:00:00,926110,73,3
2019-10-31 00:00:00,919958,-3,3
2019-10-30 00:00:00,920573,-230,3
2019-10-29 00:00:00,942769,194,3
2019-10-28 00:00:00,925615,-323,3
2019-10-27 00:00:00,955171,335,3
2019-10-26 00:00:00,924497,666,3
2019-10-25 00:00:00,866070,1562,3
2019-10-24 00:00:00,749349,-22,3
2019-10-23 00:00:00,751467,-695,3
2019-10-22 00:00:00,807820,-200,3
2019-10-21 00:00:00,824372,23,3
2019-10-20 00:00:00,822208,280,3
2019-10-19 00:00:00,798856,19,3
2019-10-18 00:00:00,797321,-158,3
2019-10-17 00:00:00,810391,70,3
2019-10-16 00:00:00,804753,-192,3
2019-10-15 00:00:00,820537,-201,3
2019-10-14 00:00:00,837469,65,3
2019-10-13 00:00:00,832101,-19,3
2019-10-12 00:00:00,833656,25,3
2019-10-11 00:00:00,832176,-307,3
2019-10-10 00:00:00,858647,1,3
2019-10-09 00:00:00,859574,445,3
2019-10-08 00:00:00,822878,-22,3
2019-10-07 00:00:00,824562,321,3
2019-10-06 00:00:00,798816,-198,3
2019-10-05 00:00:00,815150,-71,3
2019-10-04 00:00:00,820594,-65,3
2019-10-03 00:00:00,825999,-156,3
2019-10-02 00:00:00,839304,59,3
2019-10-01 00:00:00,834328,52,3
2019-09-30 00:00:00,829387,234,3
2019-09-29 00:00:00,810419,-172,3
2019-09-28 00:00:00,824592,-6,3
2019-09-27 00:00:00,825185,171,3
2019-09-26 00:00:00,811897,-434,3
2019-09-25 00:00:00,848699,-135,3
2019-09-24 00:00:00,862057,-1140,3
2019-09-23 00:00:00,972932,-336,3
2019-09-22 00:00:00,1007039,46,3
2019-09-21 00:00:00,1001972,-161,3
2019-09-20 00:00:00,1018164,-82,3
2019-09-19 00:00:00,1026641,65,3
2019-09-18 00:00:00,1019825,-48,3
2019-09-17 00:00:00,1024127,-39,3
2019-09-16 00:00:00,1027679,-68,3
2019-09-15 00:00:00,1034771,-8,3
2019-09-14 00:00:00,1035805,12,3
2019-09-13 00:00:00,1036055,-53,3
2019-09-12 00:00:00,1041013,229,3
2019-09-11 00:00:00,1017837,55,3
2019-09-10 00:00:00,1011598,-213,3
2019-09-09 00:00:00,1033497,-104,3
2019-09-08 00:00:00,1044128,-73,3
2019-09-07 00:00:00,1051725,158,3
2019-09-06 00:00:00,1035330,-213,3
2019-09-05 00:00:00,1057553,-12,3
2019-09-04 00:00:00,1059449,-25,3
2019-09-03 00:00:00,1062354,269,3
2019-09-02 00:00:00,1034676,604,3
2019-09-01 00:00:00,975797,132,3
2019-08-31 00:00:00,963066,35,3
2019-08-30 00:00:00,959817,88,3
2019-08-29 00:00:00,951020,-253,3
2019-08-28 00:00:00,975442,-440,3
2019-08-27 00:00:00,1018550,-181,3
2019-08-26 00:00:00,1037082,241,3
2019-08-25 00:00:00,1013852,-22,3
2019-08-24 00:00:00,1015996,-238,3
2019-08-23 00:00:00,1040797,268,3
2019-08-22 00:00:00,1013106,-11,3
2019-08-21 00:00:00,1013805,-582,3
2019-08-20 00:00:00,1076323,-140,3
2019-08-19 00:00:00,1091605,547,3
2019-08-18 00:00:00,1034581,110,3
2019-08-17 00:00:00,1023174,-123,3
2019-08-16 00:00:00,1037434,53,3
2019-08-15 00:00:00,1031155,272,3
2019-08-14 00:00:00,1005170,-769,3
2019-08-13 00:00:00,1089583,-430,3
2019-08-12 00:00:00,1138262,-126,3
2019-08-11 00:00:00,1152358,153,3
2019-08-10 00:00:00,1135402,-428,3
2019-08-09 00:00:00,1186294,-76,3
2019-08-08 00:00:00,1196641,10,3
2019-08-07 00:00:00,1194197,406,3
2019-08-06 00:00:00,1147817,-282,3
2019-08-05 00:00:00,1180565,771,3
2019-08-04 00:00:00,1097018,137,3
2019-08-03 00:00:00,1082173,288,3
2019-08-02 00:00:00,1051817,112,3
2019-08-01 00:00:00,1039967,320,3
2019-07-31 00:00:00,1008563,501,3
2019-07-30 00:00:00,960742,89,3
2019-07-29 00:00:00,951915,-30,3
2019-07-28 00:00:00,955286,65,3
2019-07-27 00:00:00,947768,-399,3
2019-07-26 00:00:00,987030,-43,3
2019-07-25 00:00:00,991184,105,3
2019-07-24 00:00:00,981193,-77,3
2019-07-23 00:00:00,990077,-431,3
2019-07-22 00:00:00,1034311,-240,3
2019-07-21 00:00:00,1059911,-166,3
2019-07-20 00:00:00,1076714,229,3
2019-07-19 00:00:00,1053073,-116,3
2019-07-18 00:00:00,1066648,998,3
2019-07-17 00:00:00,969380,235,3
2019-07-16 00:00:00,947764,-1302,3
2019-07-15 00:00:00,1089509,621,3
2019-07-14 00:00:00,1025606,-988,3
2019-07-13 00:00:00,1139238,-356,3
2019-07-12 00:00:00,1181599,407,3
2019-07-11 00:00:00,1135866,-643,3
2019-07-10 00:00:00,1215651,-330,3
2019-07-09 00:00:00,1257381,236,3
2019-07-08 00:00:00,1228596,733,3
2019-07-07 00:00:00,1145085,208,3
2019-07-06 00:00:00,1120855,206,3
2019-07-05 00:00:00,1097846,-201,3
2019-07-04 00:00:00,1121544,-633,3
2019-07-03 00:00:00,1196127,1057,3
2019-07-02 00:00:00,1080168,201,3
2019-07-01 00:00:00,1058313,-198,3
2019-06-30 00:00:00,1081716,-934,3
2019-06-29 00:00:00,1195937,-356,3
2019-06-28 00:00:00,1240733,1116,3
2019-06-27 00:00:00,1118281,-1409,3
2019-06-26 00:00:00,1301623,1051,3
2019-06-25 00:00:00,1179092,712,3
2019-06-24 00:00:00,1101110,145,3
2019-06-23 00:00:00,1085537,148,3
2019-06-22 00:00:00,1070169,517,3
2019-06-21 00:00:00,1014456,650,3
2019-06-20 00:00:00,952716,274,3
2019-06-19 00:00:00,927352,215,3
2019-06-18 00:00:00,908176,-272,3
2019-06-17 00:00:00,932035,369,3
2019-06-16 00:00:00,899449,173,3
2019-06-15 00:00:00,883838,171,3
2019-06-14 00:00:00,869383,562,3
2019-06-13 00:00:00,823092,105,3
2019-06-12 00:00:00,814586,278,3
2019-06-11 00:00:00,792771,-96,3
2019-06-10 00:00:00,800033,400,3
2019-06-09 00:00:00,768808,-329,3
2019-06-08 00:00:00,795413,-103,3
2019-06-07 00:00:00,804395,277,3
2019-06-06 00:00:00,782202,3,3
2019-06-05 00:00:00,782423,156,3
2019-06-04 00:00:00,770777,-613,3
2019-06-03 00:00:00,820899,-609,3
2019-06-02 00:00:00,874296,207,3
2019-06-01 00:00:00,856402,-11,3
2019-05-31 00:00:00,857450,306,3
2019-05-30 00:00:00,831947,-395,3
2019-05-29 00:00:00,865949,-68,3
2019-05-28 00:00:00,871996,-94,3
2019-05-27 00:00:00,880578,152,3
2019-05-26 00:00:00,867322,767,3
2019-05-25 00:00:00,805254,76,3
2019-05-24 00:00:00,798737,134,3
2019-05-23 00:00:00,788185,266,3
2019-05-22 00:00:00,768007,-347,3
2019-05-21 00:00:00,796333,-18,3
2019-05-20 00:00:00,797831,-267,3
2019-05-19 00:00:00,819769,1279,3
2019-05-18 00:00:00,727121,-96,3
2019-05-17 00:00:00,734390,-689,3
2019-05-16 00:00:00,788491,-378,3
2019-05-15 00:00:00,820517,270,3
2019-05-14 00:00:00,799442,239,3
2019-05-13 00:00:00,781492,1210,3
2019-05-12 00:00:00,697237,-321,3
2019-05-11 00:00:00,720477,1293,3
2019-05-10 00:00:00,637885,329,3
2019-05-09 00:00:00,617453,321,3
2019-05-08 00:00:00,598246,227,3
2019-05-07 00:00:00,582950,146,3
2019-05-06 00:00:00,574681,-77,3
2019-05-05 00:00:00,579571,-61,3
2019-05-04 00:00:00,583117,107,3
2019-05-03 00:00:00,576829,477,3
2019-05-02 00:00:00,550528,190,3
2019-05-01 00:00:00,540270,97,3
2019-04-30 00:00:00,535073,196,3
2019-04-29 00:00:00,524735,-71,3
2019-04-28 00:00:00,528514,25,3
2019-04-27 00:00:00,526829,-21,3
2019-04-26 00:00:00,527935,133,3
2019-04-25 00:00:00,521052,-468,3
2019-04-24 00:00:00,546487,-191,3
2019-04-23 00:00:00,557236,320,3
2019-04-22 00:00:00,539937,164,3
2019-04-21 00:00:00,531453,-40,3
2019-04-20 00:00:00,533789,64,3
2019-04-19 00:00:00,530381,11,3
2019-04-18 00:00:00,529839,89,3
2019-04-17 00:00:00,525194,30,3
2019-04-16 00:00:00,523556,334,3
2019-04-15 00:00:00,506711,-194,3
2019-04-14 00:00:00,516772,141,3
2019-04-13 00:00:00,509659,15,3
2019-04-12 00:00:00,508954,56,3
2019-04-11 00:00:00,506449,-489,3
2019-04-10 00:00:00,532455,231,3
2019-04-09 00:00:00,520496,-161,3
2019-04-08 00:00:00,528977,173,3
2019-04-07 00:00:00,519890,269,3
2019-04-06 00:00:00,505982,46,3
2019-04-05 00:00:00,503668,231,3
2019-04-04 00:00:00,492280,-98,3
2019-04-03 00:00:00,497302,191,3
2019-04-02 00:00:00,487988,1739,3
2019-04-01 00:00:00,415818,129,3
2019-03-31 00:00:00,410540,0,3
2019-03-30 00:00:00,410666,35,3
2019-03-29 00:00:00,409837,74,3
2019-03-28 00:00:00,406911,-45,3
2019-03-27 00:00:00,408707,258,3
2019-03-26 00:00:00,398508,40,3
2019-03-25 00:00:00,396307,-152,3
2019-03-24 00:00:00,402217,-32,3
2019-03-23 00:00:00,403583,33,3
2019-03-22 00:00:00,402397,-11,3
2019-03-21 00:00:00,402933,-134,3
2019-03-20 00:00:00,408748,41,3
2019-03-19 00:00:00,407119,95,3
2019-03-18 00:00:00,403251,6,3
2019-03-17 00:00:00,402523,-56,3
2019-03-16 00:00:00,404873,214,3
2019-03-15 00:00:00,396091,87,3
2019-03-14 00:00:00,392437,48,3
2019-03-13 00:00:00,390672,-16,3
2019-03-12 00:00:00,390916,14,3
2019-03-11 00:00:00,390523,-123,3
2019-03-10 00:00:00,395160,-37,3
2019-03-09 00:00:00,396331,177,3
2019-03-08 00:00:00,390113,-31,3
2019-03-07 00:00:00,391148,21,3
2019-03-06 00:00:00,390394,18,3
2019-03-05 00:00:00,389638,363,3
2019-03-04 00:00:00,376156,-217,3
2019-03-03 00:00:00,384718,-39,3
2019-03-02 00:00:00,386442,24,3
2019-03-01 00:00:00,385958,15,3
2019-02-28 00:00:00,385479,17,3
2019-02-27 00:00:00,385105,-17,3
2019-02-26 00:00:00,385436,-63,3
2019-02-25 00:00:00,388270,199,3
2019-02-24 00:00:00,381043,-808,3
2019-02-23 00:00:00,414253,359,3
2019-02-22 00:00:00,400553,134,3
2019-02-21 00:00:00,395412,-115,3
2019-02-20 00:00:00,399982,135,3
2019-02-19 00:00:00,394709,91,3
2019-02-18 00:00:00,391571,666,3
2019-02-17 00:00:00,367384,111,3
2019-02-16 00:00:00,362979,40,3
2019-02-15 00:00:00,362081,10,3
2019-02-14 00:00:00,361688,-39,3
2019-02-13 00:00:00,363207,-59,3
2019-02-12 00:00:00,365353,30,3
2019-02-11 00:00:00,364843,-128,3
2019-02-10 00:00:00,369019,46,3
2019-02-09 00:00:00,367120,-1,3
2019-02-08 00:00:00,366678,780,3
2019-02-07 00:00:00,339947,-45,3
2019-02-06 00:00:00,341377,-159,3
2019-02-05 00:00:00,346636,33,3
2019-02-04 00:00:00,345915,-23,3
2019-02-03 00:00:00,346401,-148,3
2019-02-02 00:00:00,352106,105,3
2019-02-01 00:00:00,348795,79,3
2019-01-31 00:00:00,345779,-79,3
2019-01-30 00:00:00,348618,123,3
2019-01-29 00:00:00,344812,-60,3
2019-01-28 00:00:00,347045,-318,3
2019-01-27 00:00:00,358397,-57,3
2019-01-26 00:00:00,360246,8,3
2019-01-25 00:00:00,359977,-21,3
2019-01-24 00:00:00,360087,46,3
2019-01-23 00:00:00,358512,-57,3
2019-01-22 00:00:00,360458,83,3
2019-01-21 00:00:00,357603,-68,3
2019-01-20 00:00:00,360101,-334,3
2019-01-19 00:00:00,372857,209,3
2019-01-18 00:00:00,365784,-55,3
2019-01-17 00:00:00,367856,73,3
2019-01-16 00:00:00,365501,65,3
2019-01-15 00:00:00,363068,-199,3
2019-01-14 00:00:00,370605,418,3
2019-01-13 00:00:00,355295,-289,3
2019-01-12 00:00:00,366130,-70,3
2019-01-11 00:00:00,368737,36,3
2019-01-10 00:00:00,367892,-881,3
2019-01-09 00:00:00,403530,9,3
2019-01-08 00:00:00,403085,6,3
2019-01-07 00:00:00,402525,-131,3
2019-01-06 00:00:00,407663,626,3
2019-01-05 00:00:00,384519,-18,3
2019-01-04 00:00:00,385772,67,3
2019-01-03 00:00:00,383674,-240,3
2019-01-02 00:00:00,394341,245,3
2019-01-01 00:00:00,384352,258,3
2018-12-31 00:00:00,374270,-321,3
2018-12-30 00:00:00,386595,114,3
2018-12-29 00:00:00,382041,-285,3
2018-12-28 00:00:00,392392,741,3
2018-12-27 00:00:00,365483,-518,3
2018-12-26 00:00:00,385730,99,3
2018-12-25 00:00:00,381549,-651,3
2018-12-24 00:00:00,407860,196,3
2018-12-23 00:00:00,399898,-55,3
2018-12-22 00:00:00,401418,298,3
2018-12-21 00:00:00,389654,-574,3
2018-12-20 00:00:00,413444,1048,3
2018-12-19 00:00:00,374595,106,3
2018-12-18 00:00:00,369606,427,3
2018-12-17 00:00:00,354586,900,3
2018-12-16 00:00:00,325284,51,3
2018-12-15 00:00:00,323676,-22,3
2018-12-14 00:00:00,324248,-209,3
2018-12-13 00:00:00,331368,-499,3
2018-12-12 00:00:00,348695,191,3
2018-12-11 00:00:00,342459,-209,3
2018-12-10 00:00:00,350266,-303,3
2018-12-09 00:00:00,361423,406,3
2018-12-08 00:00:00,347611,158,3
2018-12-07 00:00:00,341994,-264,3
2018-12-06 00:00:00,352110,-621,3
2018-12-05 00:00:00,375399,-518,3
2018-12-04 00:00:00,395689,182,3
2018-12-03 00:00:00,389413,-610,3
2018-12-02 00:00:00,413988,-145,3
2018-12-01 00:00:00,421467,473,3
2018-11-30 00:00:00,401727,-634,3
2018-11-29 00:00:00,427885,23,3
2018-11-28 00:00:00,425742,1138,3
2018-11-27 00:00:00,382072,145,3
2018-11-26 00:00:00,377913,-588,3
2018-11-25 00:00:00,400997,333,3
2018-11-24 00:00:00,388076,-1074,3
2018-11-23 00:00:00,434711,-31,3
2018-11-22 00:00:00,436594,-533,3
2018-11-21 00:00:00,460217,306,3
2018-11-20 00:00:00,445187,-847,3
2018-11-19 00:00:00,487149,-1333,3
2018-11-18 00:00:00,562354,115,3
2018-11-17 00:00:00,555433,-43,3
2018-11-16 00:00:00,557555,-124,3
2018-11-15 00:00:00,564803,-154,3
2018-11-14 00:00:00,573835,-965,3
2018-11-13 00:00:00,635949,-21,3
2018-11-12 00:00:00,637127,-63,3
2018-11-11 00:00:00,641127,-4,3
2018-11-10 00:00:00,640922,36,3
2018-11-09 00:00:00,638562,-88,3
2018-11-08 00:00:00,645372,-105,3
2018-11-07 00:00:00,653014,95,3
2018-11-06 00:00:00,646101,43,3
2018-11-05 00:00:00,641966,88,3
2018-11-04 00:00:00,637613,17,3
2018-11-03 00:00:00,636126,-41,3
2018-11-02 00:00:00,638844,15,3
2018-11-01 00:00:00,637778,94,3
2018-10-31 00:00:00,631761,-31,3
2018-10-30 00:00:00,633427,-4,3
2018-10-29 00:00:00,633263,-246,3
2018-10-28 00:00:00,648639,6,3
2018-10-27 00:00:00,648038,-1,3
2018-10-26 00:00:00,647475,10,3
2018-10-25 00:00:00,647629,-13,3
2018-10-24 00:00:00,649584,26,3
2018-10-23 00:00:00,647574,5,3
2018-10-22 00:00:00,648716,2,3
2018-10-21 00:00:00,648235,-12,3
2018-10-20 00:00:00,648919,44,3
2018-10-19 00:00:00,646541,-20,3
2018-10-18 00:00:00,647671,-100,3
2018-10-17 00:00:00,654443,-70,3
2018-10-16 00:00:00,659611,-8,3
2018-10-15 00:00:00,659654,483,3
2018-10-14 00:00:00,629093,4,3
2018-10-13 00:00:00,628599,13,3
2018-10-12 00:00:00,627458,57,3
2018-10-11 00:00:00,625624,-502,3
2018-10-10 00:00:00,658553,-82,3
2018-10-09 00:00:00,664264,-16,3
2018-10-08 00:00:00,665223,79,3
2018-10-07 00:00:00,660295,19,3
2018-10-06 00:00:00,658831,-52,3
2018-10-05 00:00:00,662248,74,3
2018-10-04 00:00:00,657669,121,3
2018-10-03 00:00:00,650259,-78,3
2018-10-02 00:00:00,655610,-56,3
2018-10-01 00:00:00,658962,-46,3
2018-09-30 00:00:00,662556,32,3
2018-09-29 00:00:00,660196,-62,3
2018-09-28 00:00:00,664413,-52,3
2018-09-27 00:00:00,667675,279,3
2018-09-26 00:00:00,649500,65,3
2018-09-25 00:00:00,644647,-238,3
2018-09-24 00:00:00,659541,-163,3
2018-09-23 00:00:00,671063,-7,3
2018-09-22 00:00:00,672198,-19,3
2018-09-21 00:00:00,673495,339,3
2018-09-20 00:00:00,651967,189,3
2018-09-19 00:00:00,639854,42,3
2018-09-18 00:00:00,637130,144,3
2018-09-17 00:00:00,628120,-357,3
2018-09-16 00:00:00,651718,-30,3
2018-09-15 00:00:00,654320,52,3
2018-09-14 00:00:00,651271,-4,3
2018-09-13 00:00:00,651731,257,3
2018-09-12 00:00:00,635180,55,3
2018-09-11 00:00:00,632120,-17,3
2018-09-10 00:00:00,632970,45,3
2018-09-09 00:00:00,630086,124,3
2018-09-08 00:00:00,622598,-363,3
2018-09-07 00:00:00,646707,-95,3
2018-09-06 00:00:00,652917,-335,3
2018-09-05 00:00:00,679283,-772,3
2018-09-04 00:00:00,736166,136,3
2018-09-03 00:00:00,726006,-26,3
2018-09-02 00:00:00,727272,116,3
2018-09-01 00:00:00,719325,211,3
2018-08-31 00:00:00,703758,91,3
2018-08-30 00:00:00,697823,-93,3
2018-08-29 00:00:00,704716,-63,3
2018-08-28 00:00:00,709628,298,3
2018-08-27 00:00:00,688464,259,3
2018-08-26 00:00:00,670726,-70,3
2018-08-25 00:00:00,676319,64,3
2018-08-24 00:00:00,671996,257,3
2018-08-23 00:00:00,653488,257,3
2018-08-22 00:00:00,637671,-169,3
2018-08-21 00:00:00,648876,298,3
2018-08-20 00:00:00,630853,-295,3
2018-08-19 00:00:00,650607,130,3
2018-08-18 00:00:00,642376,-243,3
2018-08-17 00:00:00,658063,378,3
2018-08-16 00:00:00,633473,64,3
2018-08-15 00:00:00,630852,140,3
2018-08-14 00:00:00,619971,-140,3
2018-08-13 00:00:00,629757,-69,3
2018-08-12 00:00:00,632269,62,3
2018-08-11 00:00:00,629573,178,3
2018-08-10 00:00:00,618471,-588,3
2018-08-09 00:00:00,656823,417,3
2018-08-08 00:00:00,630580,-654,3
2018-08-07 00:00:00,675312,-295,3
2018-08-06 00:00:00,695180,-157,3
2018-08-05 00:00:00,706848,53,3
2018-08-04 00:00:00,703285,-546,3
2018-08-03 00:00:00,743439,-169,3
2018-08-02 00:00:00,756715,-88,3
2018-08-01 00:00:00,762491,-186,3
2018-07-31 00:00:00,778044,-490,3
2018-07-30 00:00:00,818048,-50,3
2018-07-29 00:00:00,821846,15,3
2018-07-28 00:00:00,819215,28,3
2018-07-27 00:00:00,816501,270,3
2018-07-26 00:00:00,795158,-275,3
2018-07-25 00:00:00,818139,-237,3
2018-07-24 00:00:00,842427,917,3
2018-07-23 00:00:00,771111,400,3
2018-07-22 00:00:00,741849,1,3
2018-07-21 00:00:00,741929,91,3
2018-07-20 00:00:00,735413,-152,3
2018-07-19 00:00:00,746686,120,3
2018-07-18 00:00:00,737078,76,3
2018-07-17 00:00:00,732104,863,3
2018-07-16 00:00:00,674175,605,3
2018-07-15 00:00:00,635964,139,3
2018-07-14 00:00:00,627612,46,3
2018-07-13 00:00:00,623805,5,3
2018-07-12 00:00:00,622881,-263,3
2018-07-11 00:00:00,639471,101,3
2018-07-10 00:00:00,632995,-607,3
2018-07-09 00:00:00,674175,-49,3
2018-07-08 00:00:00,677388,-122,3
2018-07-07 00:00:00,685693,282,3
2018-07-06 00:00:00,667350,52,3
2018-07-05 00:00:00,663914,60,3
2018-07-04 00:00:00,659755,71,3
2018-07-03 00:00:00,652959,-102,3
2018-07-02 00:00:00,661418,366,3
2018-07-01 00:00:00,638582,-40,3
2018-06-30 00:00:00,640400,305,3
2018-06-29 00:00:00,621830,543,3
2018-06-28 00:00:00,590344,-406,3
2018-06-27 00:00:00,615713,120,3
2018-06-26 00:00:00,609367,-256,3
2018-06-25 00:00:00,624918,125,3
2018-06-24 00:00:00,617323,15,3
2018-06-23 00:00:00,616248,119,3
2018-06-22 00:00:00,608369,-971,3
2018-06-21 00:00:00,672974,-74,3
2018-06-20 00:00:00,677655,9,3
2018-06-19 00:00:00,676994,41,3
2018-06-18 00:00:00,673482,345,3
2018-06-17 00:00:00,649927,-71,3
2018-06-16 00:00:00,655016,147,3
2018-06-15 00:00:00,645658,-326,3
2018-06-14 00:00:00,667535,524,3
2018-06-13 00:00:00,634990,-374,3
2018-06-12 00:00:00,658236,-468,3
2018-06-11 00:00:00,690692,158,3
2018-06-10 00:00:00,678602,-951,3
2018-06-09 00:00:00,753198,-132,3
2018-06-08 00:00:00,762492,-78,3
2018-06-07 00:00:00,767824,36,3
2018-06-06 00:00:00,765398,37,3
2018-06-05 00:00:00,763376,177,3
2018-06-04 00:00:00,751447,-269,3
2018-06-03 00:00:00,772025,116,3
2018-06-02 00:00:00,764345,142,3
2018-06-01 00:00:00,754145,54,3
2018-05-31 00:00:00,749417,119,3
2018-05-30 00:00:00,740652,-85,3
2018-05-29 00:00:00,747259,481,3
2018-05-28 00:00:00,713599,-319,3
2018-05-27 00:00:00,736822,8,3
2018-05-26 00:00:00,735588,-174,3
2018-05-25 00:00:00,748014,-148,3
2018-05-24 00:00:00,758734,35,3
2018-05-23 00:00:00,755782,-596,3
2018-05-22 00:00:00,804178,-449,3
2018-05-21 00:00:00,841899,-121,3
2018-05-20 00:00:00,851325,323,3
2018-05-19 00:00:00,824718,-10,3
2018-05-18 00:00:00,825097,197,3
2018-05-17 00:00:00,809432,-329,3
2018-05-16 00:00:00,836883,-159,3
2018-05-15 00:00:00,851038,-224,3
2018-05-14 00:00:00,871679,4,3
2018-05-13 00:00:00,872394,245,3
2018-05-12 00:00:00,850489,75,3
2018-05-11 00:00:00,844149,-675,3
2018-05-10 00:00:00,904394,-302,3
2018-05-09 00:00:00,932518,110,3
2018-05-08 00:00:00,923482,-156,3
2018-05-07 00:00:00,937301,-283,3
2018-05-06 00:00:00,965480,-194,3
2018-05-05 00:00:00,985815,163,3
2018-05-04 00:00:00,970076,5,3
2018-05-03 00:00:00,974386,552,3
2018-05-02 00:00:00,923592,144,3
2018-05-01 00:00:00,911901,-143,3
2018-04-30 00:00:00,924055,-197,3
2018-04-29 00:00:00,941908,78,3
2018-04-28 00:00:00,934848,458,3
2018-04-27 00:00:00,898705,-327,3
2018-04-26 00:00:00,928151,467,3
2018-04-25 00:00:00,884574,-882,3
2018-04-24 00:00:00,969750,854,3
2018-04-23 00:00:00,893088,155,3
2018-04-22 00:00:00,880246,-137,3
2018-04-21 00:00:00,889558,53,3
2018-04-20 00:00:00,884583,674,3
2018-04-19 00:00:00,829431,166,3
2018-04-18 00:00:00,816342,276,3
2018-04-17 00:00:00,790209,-210,3
2018-04-16 00:00:00,805867,-335,3
2018-04-15 00:00:00,832911,412,3
2018-04-14 00:00:00,798624,142,3
2018-04-13 00:00:00,789596,-6,3
2018-04-12 00:00:00,788925,1343,3
2018-04-11 00:00:00,696832,182,3
2018-04-10 00:00:00,683476,58,3
2018-04-09 00:00:00,677073,-388,3
2018-04-08 00:00:00,702352,150,3
2018-04-07 00:00:00,691109,423,3
2018-04-06 00:00:00,663632,-264,3
2018-04-05 00:00:00,681147,-54,3
2018-04-04 00:00:00,685384,-808,3
2018-04-03 00:00:00,745611,498,3
2018-04-02 00:00:00,708380,349,3
2018-04-01 00:00:00,684423,-227,3
2018-03-31 00:00:00,697353,118,3
2018-03-30 00:00:00,689052,-392,3
2018-03-29 00:00:00,716570,-1019,3
2018-03-28 00:00:00,795448,150,3
2018-03-27 00:00:00,783304,-448,3
2018-03-26 00:00:00,820940,-340,3
2018-03-25 00:00:00,849578,-136,3
2018-03-24 00:00:00,866812,-263,3
2018-03-23 00:00:00,887962,164,3
2018-03-22 00:00:00,872847,-236,3
2018-03-21 00:00:00,892928,-9,3
2018-03-20 00:00:00,891347,341,3
2018-03-19 00:00:00,863065,343,3
2018-03-18 00:00:00,822368,422,3
2018-03-17 00:00:00,791688,-487,3
2018-03-16 00:00:00,833835,19,3
2018-03-15 00:00:00,830086,12,3
2018-03-14 00:00:00,826981,-1025,3
2018-03-13 00:00:00,919485,24,3
2018-03-12 00:00:00,920512,-414,3
2018-03-11 00:00:00,957863,820,3
2018-03-10 00:00:00,886600,-518,3
2018-03-09 00:00:00,933755,-82,3
2018-03-08 00:00:00,939501,-559,3
2018-03-07 00:00:00,996557,-776,3
2018-03-06 00:00:00,1077990,-626,3
2018-03-05 00:00:00,1157330,35,3
2018-03-04 00:00:00,1151260,13,3
2018-03-03 00:00:00,1148970,349,3
2018-03-02 00:00:00,1108640,99,3
2018-03-01 00:00:00,1095100,545,3
2018-02-28 00:00:00,1039790,-271,3
2018-02-27 00:00:00,1072560,319,3
2018-02-26 00:00:00,1036670,721,3
2018-02-25 00:00:00,966473,-134,3
2018-02-24 00:00:00,981307,-461,3
2018-02-23 00:00:00,1030110,366,3
2018-02-22 00:00:00,1000500,-615,3
2018-02-21 00:00:00,1069040,-600,3
2018-02-20 00:00:00,1140370,153,3
2018-02-19 00:00:00,1122530,637,3
2018-02-18 00:00:00,1055180,-514,3
2018-02-17 00:00:00,1111270,887,3
2018-02-16 00:00:00,1023390,97,3
2018-02-15 00:00:00,1016640,715,3
2018-02-14 00:00:00,949463,1040,3
2018-02-13 00:00:00,859831,-368,3
2018-02-12 00:00:00,892657,964,3
2018-02-11 00:00:00,812997,-564,3
2018-02-10 00:00:00,862190,-113,3
2018-02-09 00:00:00,873698,562,3
2018-02-08 00:00:00,826559,822,3
2018-02-07 00:00:00,762130,-173,3
2018-02-06 00:00:00,775400,996,3
2018-02-05 00:00:00,695527,-1590,3
2018-02-04 00:00:00,827701,-979,3
2018-02-03 00:00:00,917491,365,3
2018-02-02 00:00:00,883075,-341,3
2018-02-01 00:00:00,917054,-1042,3
2018-01-31 00:00:00,1022110,112,3
2018-01-30 00:00:00,1010630,-1062,3
2018-01-29 00:00:00,1129640,-391,3
2018-01-28 00:00:00,1178630,271,3
2018-01-27 00:00:00,1144070,238,3
2018-01-26 00:00:00,1117140,-75,3
2018-01-25 00:00:00,1125940,-142,3
2018-01-24 00:00:00,1135940,418,3
2018-01-23 00:00:00,1086840,-70,3
2018-01-22 00:00:00,1093140,-603,3
2018-01-21 00:00:00,1160010,-1000,3
2018-01-20 00:00:00,1289920,1066,3
2018-01-19 00:00:00,1160740,155,3
2018-01-18 00:00:00,1147490,247,3
2018-01-17 00:00:00,1118860,-212,3
2018-01-16 00:00:00,1149050,-1695,3
2018-01-15 00:00:00,1381980,38,3
2018-01-14 00:00:00,1377200,-417,3
2018-01-13 00:00:00,1436020,292,3
2018-01-12 00:00:00,1398060,391,3
2018-01-11 00:00:00,1340580,-1044,3
2018-01-10 00:00:00,1497330,264,3
2018-01-09 00:00:00,1459540,-349,3
2018-01-08 00:00:00,1517010,-793,3
2018-01-07 00:00:00,1647760,-599,3
2018-01-06 00:00:00,1752700,37,3
2018-01-05 00:00:00,1742950,1261,3
2018-01-04 00:00:00,1559920,215,3
2018-01-03 00:00:00,1520100,149,3
2018-01-02 00:00:00,1498210,996,3
2018-01-01 00:00:00,1365720,-322,3
2017-12-31 00:00:00,1415640,976,3
2017-12-30 00:00:00,1295220,-1178,3
2017-12-29 00:00:00,1465620,-27,3
2017-12-28 00:00:00,1460650,-793,3
2017-12-27 00:00:00,1583850,-201,3
2017-12-26 00:00:00,1609980,1470,3
2017-12-25 00:00:00,1402660,22,3
2017-12-24 00:00:00,1392580,-467,3
2017-12-23 00:00:00,1469920,538,3
2017-12-22 00:00:00,1383180,-1300,3
2017-12-21 00:00:00,1580290,-504,3
2017-12-20 00:00:00,1662460,-639,3
2017-12-19 00:00:00,1777670,-702,3
2017-12-18 00:00:00,1911420,4,3
2017-12-17 00:00:00,1914080,-172,3
2017-12-16 00:00:00,1949740,978,3
2017-12-15 00:00:00,1770690,666,3
2017-12-14 00:00:00,1656400,109,3
2017-12-13 00:00:00,1640820,-624,3
2017-12-12 00:00:00,1741540,293,3
2017-12-11 00:00:00,1693680,978,3
2017-12-10 00:00:00,1545540,189,3
2017-12-09 00:00:00,1517820,-814,3
2017-12-08 00:00:00,1656940,-693,3
2017-12-07 00:00:00,1789970,2547,3
2017-12-06 00:00:00,1429150,1986,3
2017-12-05 00:00:00,1191670,198,3
2017-12-04 00:00:00,1165720,302,3
2017-12-03 00:00:00,1132320,217,3
2017-12-02 00:00:00,1107460,88,3
2017-12-01 00:00:00,1097560,762,3
2017-11-30 00:00:00,1023360,330,3
2017-11-29 00:00:00,988861,-187,3
2017-11-28 00:00:00,1005880,240,3
2017-11-27 00:00:00,981835,498,3
2017-11-26 00:00:00,933055,616,3
2017-11-25 00:00:00,879092,666,3
2017-11-24 00:00:00,825369,223,3
2017-11-23 00:00:00,803877,-235,3
2017-11-22 00:00:00,825355,217,3
2017-11-21 00:00:00,807126,-164,3
2017-11-20 00:00:00,820064,201,3
2017-11-19 00:00:00,803649,348,3
2017-11-18 00:00:00,779015,121,3
2017-11-17 00:00:00,770899,-184,3
2017-11-16 00:00:00,787169,749,3
2017-11-15 00:00:00,731554,1026,3
2017-11-14 00:00:00,663575,113,3
2017-11-13 00:00:00,655949,1046,3
2017-11-12 00:00:00,595007,-549,3
2017-11-11 00:00:00,635760,-394,3
2017-11-10 00:00:00,661814,-774,3
2017-11-09 00:00:00,714358,-407,3
2017-11-08 00:00:00,745969,446,3
2017-11-07 00:00:00,714438,173,3
2017-11-06 00:00:00,702276,-514,3
2017-11-05 00:00:00,740741,4,3
2017-11-04 00:00:00,737995,301,3
2017-11-03 00:00:00,720776,170,3
2017-11-02 00:00:00,707850,444,3
2017-11-01 00:00:00,676731,507,3
2017-10-31 00:00:00,646840,549,3
2017-10-30 00:00:00,613053,26,3
2017-10-29 00:00:00,615385,694,3
2017-10-28 00:00:00,575309,-60,3
2017-10-27 00:00:00,578090,-201,3
2017-10-26 00:00:00,590483,273,3
2017-10-25 00:00:00,575080,409,3
2017-10-24 00:00:00,552664,-689,3
2017-10-23 00:00:00,593032,-126,3
2017-10-22 00:00:00,600842,-47,3
2017-10-21 00:00:00,603160,58,3
2017-10-20 00:00:00,601145,531,3
2017-10-19 00:00:00,570852,223,3
2017-10-18 00:00:00,559069,-23,3
2017-10-17 00:00:00,560551,-237,3
2017-10-16 00:00:00,572559,67,3
2017-10-15 00:00:00,567819,-270,3
2017-10-14 00:00:00,583179,334,3
2017-10-13 00:00:00,564721,335,3
2017-10-12 00:00:00,544691,1278,3
2017-10-11 00:00:00,482648,78,3
2017-10-10 00:00:00,478199,12,3
2017-10-09 00:00:00,477202,341,3
2017-10-08 00:00:00,461048,408,3
2017-10-07 00:00:00,442689,132,3
2017-10-06 00:00:00,437081,107,3
2017-10-05 00:00:00,432841,233,3
2017-10-04 00:00:00,422936,-208,3
2017-10-03 00:00:00,431748,-206,3
2017-10-02 00:00:00,440932,31,3
2017-10-01 00:00:00,440374,144,3
2017-09-30 00:00:00,433871,414,3
2017-09-29 00:00:00,416307,-20,3
2017-09-28 00:00:00,417473,-53,3
2017-09-27 00:00:00,420067,790,3
2017-09-26 00:00:00,389235,-92,3
2017-09-25 00:00:00,392607,664,3
2017-09-24 00:00:00,368284,-298,3
2017-09-23 00:00:00,379240,448,3
2017-09-22 00:00:00,363070,7,3
2017-09-21 00:00:00,363104,-693,3
2017-09-20 00:00:00,390595,-27,3
2017-09-19 00:00:00,392497,-365,3
2017-09-18 00:00:00,406520,1320,3
2017-09-17 00:00:00,358288,-65,3
2017-09-16 00:00:00,362504,-35,3
2017-09-15 00:00:00,363752,1488,3
2017-09-14 00:00:00,315495,-1859,3
2017-09-13 00:00:00,388259,-604,3
2017-09-12 00:00:00,413081,-91,3
2017-09-11 00:00:00,416127,94,3
2017-09-10 00:00:00,412294,-252,3
2017-09-09 00:00:00,422606,-9,3
2017-09-08 00:00:00,422875,-817,3
2017-09-07 00:00:00,459988,23,3
2017-09-06 00:00:00,459712,504,3
2017-09-05 00:00:00,437653,351,3
2017-09-04 00:00:00,423631,-774,3
2017-09-03 00:00:00,458296,-5,3
2017-09-02 00:00:00,457877,-658,3
2017-09-01 00:00:00,489201,405,3
2017-08-31 00:00:00,470339,324,3
2017-08-30 00:00:00,456530,-11,3
2017-08-29 00:00:00,457902,432,3
2017-08-28 00:00:00,438266,-4,3
2017-08-27 00:00:00,438288,87,3
2017-08-26 00:00:00,435240,-45,3
2017-08-25 00:00:00,437160,90,3
2017-08-24 00:00:00,433468,476,3
2017-08-23 00:00:00,415152,153,3
2017-08-22 00:00:00,410052,256,3
2017-08-21 00:00:00,400174,-217,3
2017-08-20 00:00:00,408766,-243,3
2017-08-19 00:00:00,419370,135,3
2017-08-18 00:00:00,416062,-379,3
2017-08-17 00:00:00,433169,-120,3
2017-08-16 00:00:00,437663,420,3
2017-08-15 00:00:00,418193,-335,3
2017-08-14 00:00:00,432513,637,3
2017-08-13 00:00:00,407326,498,3
2017-08-12 00:00:00,388471,641,3
2017-08-11 00:00:00,365062,820,3
2017-08-10 00:00:00,338128,118,3
2017-08-09 00:00:00,334247,-228,3
2017-08-08 00:00:00,341994,148,3
2017-08-07 00:00:00,337894,517,3
2017-08-06 00:00:00,321394,-134,3
2017-08-05 00:00:00,325291,1226,3
2017-08-04 00:00:00,289589,317,3
2017-08-03 00:00:00,280473,351,3
2017-08-02 00:00:00,271067,-60,3
2017-08-01 00:00:00,271826,-533,3
2017-07-31 00:00:00,287534,406,3
2017-07-30 00:00:00,275718,120,3
2017-07-29 00:00:00,272645,-287,3
2017-07-28 00:00:00,280901,482,3
2017-07-27 00:00:00,267178,524,3
2017-07-26 00:00:00,252945,-187,3
2017-07-25 00:00:00,257648,-656,3
2017-07-24 00:00:00,275486,81,3
2017-07-23 00:00:00,273040,-277,3
2017-07-22 00:00:00,281012,530,3
2017-07-21 00:00:00,266776,-601,3
2017-07-20 00:00:00,281760,2413,3
2017-07-19 00:00:00,227343,-214,3
2017-07-18 00:00:00,231888,382,3
2017-07-17 00:00:00,222841,1531,3
2017-07-16 00:00:00,192982,-312,3
2017-07-15 00:00:00,199886,-1037,3
2017-07-14 00:00:00,223334,-539,3
2017-07-13 00:00:00,235790,-186,3
2017-07-12 00:00:00,239884,283,3
2017-07-11 00:00:00,233779,-202,3
2017-07-10 00:00:00,237256,-605,3
2017-07-09 00:00:00,251844,-211,3
2017-07-08 00:00:00,257134,203,3
2017-07-07 00:00:00,251866,-345,3
2017-07-06 00:00:00,260856,2,3
2017-07-05 00:00:00,260199,-3,3
2017-07-04 00:00:00,260164,159,3
2017-07-03 00:00:00,256406,262,3
2017-07-02 00:00:00,250647,288,3
2017-07-01 00:00:00,243455,-233,3
2017-06-30 00:00:00,248084,-230,3
2017-06-29 00:00:00,253932,-110,3
2017-06-28 00:00:00,257479,85,3
2017-06-27 00:00:00,255245,299,3
2017-06-26 00:00:00,247845,-433,3
2017-06-25 00:00:00,258941,-68,3
2017-06-24 00:00:00,260872,-474,3
2017-06-23 00:00:00,274491,139,3
2017-06-22 00:00:00,270541,53,3
2017-06-21 00:00:00,268910,-75,3
2017-06-20 00:00:00,272179,504,3
2017-06-19 00:00:00,258960,159,3
2017-06-18 00:00:00,254829,-403,3
2017-06-17 00:00:00,265588,564,3
2017-06-16 00:00:00,251856,198,3
2017-06-15 00:00:00,246458,-140,3
2017-06-14 00:00:00,250637,-775,3
2017-06-13 00:00:00,271702,135,3
2017-06-12 00:00:00,265963,-994,3
2017-06-11 00:00:00,295811,53,3
2017-06-10 00:00:00,294771,423,3
2017-06-09 00:00:00,282381,58,3
2017-06-08 00:00:00,280562,313,3
2017-06-07 00:00:00,273216,-478,3
2017-06-06 00:00:00,286320,641,3
2017-06-05 00:00:00,268681,694,3
2017-06-04 00:00:00,251181,-141,3
2017-06-03 00:00:00,251535,87,3
2017-06-02 00:00:00,248855,352,3
2017-06-01 00:00:00,240788,522,3
2017-05-31 00:00:00,228641,454,3
2017-05-30 00:00:00,217547,-354,3
2017-05-29 00:00:00,225561,445,3
2017-05-28 00:00:00,215580,495,3
2017-05-27 00:00:00,203887,-717,3
2017-05-26 00:00:00,220242,-510,3
2017-05-25 00:00:00,230498,-577,3
2017-05-24 00:00:00,244364,527,3
2017-05-23 00:00:00,232042,588,3
2017-05-22 00:00:00,217340,637,3
2017-05-21 00:00:00,204120,-125,3
2017-05-20 00:00:00,208473,506,3
2017-05-19 00:00:00,198771,476,3
2017-05-18 00:00:00,188865,385,3
2017-05-17 00:00:00,183909,651,3
2017-05-16 00:00:00,173445,-42,3
2017-05-15 00:00:00,173843,-387,3
2017-05-14 00:00:00,180891,45,3
2017-05-13 00:00:00,180491,475,3
2017-05-12 00:00:00,172424,-658,3
2017-05-11 00:00:00,184857,383,3
2017-05-10 00:00:00,178713,174,3
2017-05-09 00:00:00,175536,183,3
2017-05-08 00:00:00,172335,792,3
2017-05-07 00:00:00,159671,109,3
2017-05-06 00:00:00,157880,141,3
2017-05-05 00:00:00,155545,95,3
2017-05-04 00:00:00,153767,315,3
2017-05-03 00:00:00,149009,250,3
2017-05-02 00:00:00,145282,224,3
2017-05-01 00:00:00,142160,544,3
2017-04-30 00:00:00,134789,197,3
2017-04-29 00:00:00,132179,30,3
2017-04-28 00:00:00,131648,-10,3
2017-04-27 00:00:00,131773,280,3
2017-04-26 00:00:00,128108,119,3
2017-04-25 00:00:00,126549,120,3
2017-04-24 00:00:00,125015,335,3
2017-04-23 00:00:00,120721,-201,3
2017-04-22 00:00:00,123171,74,3
2017-04-21 00:00:00,122205,-60,3
2017-04-20 00:00:00,122908,149,3
2017-04-19 00:00:00,121029,-15,3
2017-04-18 00:00:00,121167,150,3
2017-04-17 00:00:00,119391,90,3
2017-04-16 00:00:00,118294,88,3
2017-04-15 00:00:00,117252,45,3
2017-04-14 00:00:00,116754,-24,3
2017-04-13 00:00:00,116928,-264,3
2017-04-12 00:00:00,120037,-37,3
2017-04-11 00:00:00,120501,148,3
2017-04-10 00:00:00,118713,-1,3
2017-04-09 00:00:00,118787,96,3
2017-04-08 00:00:00,117595,28,3
2017-04-07 00:00:00,117690,-17,3
2017-04-06 00:00:00,118268,505,3
2017-04-05 00:00:00,112478,-83,3
2017-04-04 00:00:00,113325,-107,3
2017-04-03 00:00:00,114381,370,3
2017-04-02 00:00:00,110217,200,3
2017-04-01 00:00:00,108050,82,3
2017-03-31 00:00:00,107179,440,3
2017-03-30 00:00:00,102643,-151,3
2017-03-29 00:00:00,103997,-58,3
2017-03-28 00:00:00,104715,25,3
2017-03-27 00:00:00,104577,758,3
2017-03-26 00:00:00,96672,-75,3
2017-03-25 00:00:00,97278,387,3
2017-03-24 00:00:00,93752,-972,3
2017-03-23 00:00:00,103859,-109,3
2017-03-22 00:00:00,104914,-638,3
2017-03-21 00:00:00,112054,618,3
2017-03-20 00:00:00,105423,164,3
2017-03-19 00:00:00,103674,614,3
2017-03-18 00:00:00,97382,-1145,3
2017-03-17 00:00:00,110023,-677,3
2017-03-16 00:00:00,118781,-508,3
2017-03-15 00:00:00,124961,76,3
2017-03-14 00:00:00,124000,64,3
2017-03-13 00:00:00,123192,83,3
2017-03-12 00:00:00,122138,380,3
2017-03-11 00:00:00,117583,533,3
2017-03-10 00:00:00,111672,-611,3
2017-03-09 00:00:00,118849,332,3
2017-03-08 00:00:00,115000,-599,3
2017-03-07 00:00:00,122354,-390,3
2017-03-06 00:00:00,127283,42,3
2017-03-05 00:00:00,126712,102,3
2017-03-04 00:00:00,125515,-174,3
2017-03-03 00:00:00,127499,194,3
2017-03-02 00:00:00,125101,215,3
2017-03-01 00:00:00,122250,360,3
2017-02-28 00:00:00,117997,-6,3
2017-02-27 00:00:00,117997,139,3
2017-02-26 00:00:00,116520,183,3
2017-02-25 00:00:00,114384,-227,3
2017-02-24 00:00:00,117368,8,3
2017-02-23 00:00:00,116672,443,3
2017-02-22 00:00:00,111744,24,3
2017-02-21 00:00:00,111530,334,3
2017-02-20 00:00:00,107998,298,3
2017-02-19 00:00:00,104787,-65,3
2017-02-18 00:00:00,105442,50,3
2017-02-17 00:00:00,104621,196,3
2017-02-16 00:00:00,102744,196,3
2017-02-15 00:00:00,100748,13,3
2017-02-14 00:00:00,100455,129,3
2017-02-13 00:00:00,99064,-83,3
2017-02-12 00:00:00,99918,-43,3
2017-02-11 00:00:00,100445,157,3
2017-02-10 00:00:00,98867,-70,3
2017-02-09 00:00:00,99438,-660,3
2017-02-08 00:00:00,106307,7,3
2017-02-07 00:00:00,106135,204,3
2017-02-06 00:00:00,103815,95,3
2017-02-05 00:00:00,102734,-155,3
2017-02-04 00:00:00,104290,112,3
2017-02-03 00:00:00,102991,182,3
2017-02-02 00:00:00,101180,220,3
2017-02-01 00:00:00,98902,186,3
2017-01-31 00:00:00,97040,537,3
2017-01-30 00:00:00,92038,2,3
2017-01-29 00:00:00,91950,-28,3
2017-01-28 00:00:00,92159,19,3
2017-01-27 00:00:00,91975,15,3
2017-01-26 00:00:00,91759,168,3
2017-01-25 00:00:00,90154,108,3
2017-01-24 00:00:00,89269,-198,3
2017-01-23 00:00:00,92101,-49,3
2017-01-22 00:00:00,92467,27,3
2017-01-21 00:00:00,92179,293,3
2017-01-20 00:00:00,89503,-35,3
2017-01-19 00:00:00,89907,121,3
2017-01-18 00:00:00,88662,-250,3
2017-01-17 00:00:00,90794,927,3
2017-01-16 00:00:00,83153,119,3
2017-01-15 00:00:00,82180,45,3
2017-01-14 00:00:00,81841,-82,3
2017-01-13 00:00:00,82398,252,3
2017-01-12 00:00:00,80483,382,3
2017-01-11 00:00:00,77776,-1435,3
2017-01-10 00:00:00,90768,58,3
2017-01-09 00:00:00,90283,-114,3
2017-01-08 00:00:00,91120,33,3
2017-01-07 00:00:00,90859,56,3
2017-01-06 00:00:00,90220,-1105,3
2017-01-05 00:00:00,101338,-1239,3
2017-01-04 00:00:00,115473,1056,3
2017-01-03 00:00:00,104384,218,3
2017-01-02 00:00:00,102175,232,3
2017-01-01 00:00:00,99833,360,3
2016-12-31 00:00:00,96374,32,3
2016-12-30 00:00:00,96124,-116,3
2016-12-29 00:00:00,97350,-17,3
2016-12-28 00:00:00,97592,440,3
2016-12-27 00:00:00,93320,274,3
2016-12-26 00:00:00,90761,119,3
2016-12-25 00:00:00,89618,-39,3
2016-12-24 00:00:00,89882,-253,3
2016-12-23 00:00:00,92198,660,3
2016-12-22 00:00:00,86454,364,3
2016-12-21 00:00:00,83428,420,3
2016-12-20 00:00:00,80088,109,3
2016-12-19 00:00:00,79271,26,3
2016-12-18 00:00:00,79053,-6,3
2016-12-17 00:00:00,79083,72,3
2016-12-16 00:00:00,78491,76,3
2016-12-15 00:00:00,77809,-25,3
2016-12-14 00:00:00,78148,19,3
2016-12-13 00:00:00,78056,-1,3
2016-12-12 00:00:00,78009,131,3
2016-12-11 00:00:00,76973,-65,3
2016-12-10 00:00:00,77465,21,3
2016-12-09 00:00:00,77279,37,3
2016-12-08 00:00:00,77081,36,3
2016-12-07 00:00:00,76813,51,3
2016-12-06 00:00:00,76422,72,3
2016-12-05 00:00:00,75870,-190,3
2016-12-04 00:00:00,77387,29,3
2016-12-03 00:00:00,77116,-91,3
2016-12-02 00:00:00,77794,269,3
2016-12-01 00:00:00,75677,144,3
2016-11-30 00:00:00,74569,128,3
2016-11-29 00:00:00,73560,-10,3
2016-11-28 00:00:00,73581,45,3
2016-11-27 00:00:00,73203,-46,3
2016-11-26 00:00:00,73538,-83,3
2016-11-25 00:00:00,74165,16,3
2016-11-24 00:00:00,74029,-58,3
2016-11-23 00:00:00,74459,-95,3
2016-11-22 00:00:00,75135,158,3
2016-11-21 00:00:00,73925,109,3
2016-11-20 00:00:00,73103,-277,3
2016-11-19 00:00:00,75162,-3,3
2016-11-18 00:00:00,75159,147,3
2016-11-17 00:00:00,74098,-52,3
2016-11-16 00:00:00,74420,464,3
2016-11-15 00:00:00,71162,83,3
2016-11-14 00:00:00,70502,43,3
2016-11-13 00:00:00,70203,-45,3
2016-11-12 00:00:00,70505,-163,3
2016-11-11 00:00:00,71641,12,3
2016-11-10 00:00:00,71553,-101,3
2016-11-09 00:00:00,72327,189,3
2016-11-08 00:00:00,70985,96,3
2016-11-07 00:00:00,70313,-107,3
2016-11-06 00:00:00,71152,110,3
2016-11-05 00:00:00,70342,-2,3
2016-11-04 00:00:00,70323,205,3
2016-11-03 00:00:00,68870,-723,3
2016-11-02 00:00:00,74083,147,3
2016-11-01 00:00:00,72979,406,3
2016-10-31 00:00:00,70097,-24,3
2016-10-30 00:00:00,70186,-172,3
2016-10-29 00:00:00,71448,350,3
2016-10-28 00:00:00,68965,24,3
2016-10-27 00:00:00,68831,149,3
2016-10-26 00:00:00,67830,314,3
2016-10-25 00:00:00,65759,55,3
2016-10-24 00:00:00,65376,-52,3
2016-10-23 00:00:00,65707,-8,3
2016-10-22 00:00:00,65729,381,3
2016-10-21 00:00:00,63283,32,3
2016-10-20 00:00:00,63086,3,3
2016-10-19 00:00:00,63052,-119,3
2016-10-18 00:00:00,63796,-23,3
2016-10-17 00:00:00,63919,-41,3
2016-10-16 00:00:00,64163,40,3
2016-10-15 00:00:00,63865,-26,3
2016-10-14 00:00:00,64038,53,3
2016-10-13 00:00:00,63679,12,3
2016-10-12 00:00:00,63619,-73,3
2016-10-11 00:00:00,64107,353,3
2016-10-10 00:00:00,61899,35,3
2016-10-09 00:00:00,61675,-39,3
2016-10-08 00:00:00,61911,29,3
2016-10-07 00:00:00,61712,74,3
2016-10-06 00:00:00,61302,9,3
2016-10-05 00:00:00,61251,38,3
2016-10-04 00:00:00,61020,-30,3
2016-10-03 00:00:00,61213,19,3
2016-10-02 00:00:00,61089,-50,3
2016-10-01 00:00:00,61398,66,3
2016-09-30 00:00:00,60973,66,3
2016-09-29 00:00:00,60569,11,3
2016-09-28 00:00:00,60473,-25,3
2016-09-27 00:00:00,60617,-30,3
2016-09-26 00:00:00,60804,120,3
2016-09-25 00:00:00,60083,-32,3
2016-09-24 00:00:00,60263,-5,3
2016-09-23 00:00:00,60284,111,3
2016-09-22 00:00:00,59630,-16,3
2016-09-21 00:00:00,59715,-107,3
2016-09-20 00:00:00,60831,-15,3
2016-09-19 00:00:00,60923,-10,3
2016-09-18 00:00:00,60987,59,3
2016-09-17 00:00:00,60598,-20,3
2016-09-16 00:00:00,60697,-5,3
2016-09-15 00:00:00,60716,-56,3
2016-09-14 00:00:00,61068,30,3
2016-09-13 00:00:00,60924,20,3
2016-09-12 00:00:00,60824,20,3
2016-09-11 00:00:00,60672,-268,3
2016-09-10 00:00:00,62351,9,3
2016-09-09 00:00:00,62286,-56,3
2016-09-08 00:00:00,62632,190,3
2016-09-07 00:00:00,61454,65,3
2016-09-06 00:00:00,61044,65,3
2016-09-05 00:00:00,60659,-39,3
2016-09-04 00:00:00,60863,168,3
2016-09-03 00:00:00,59821,394,3
2016-09-02 00:00:00,57554,55,3
2016-09-01 00:00:00,57230,-56,3
2016-08-31 00:00:00,57547,-37,3
2016-08-30 00:00:00,57750,59,3
2016-08-29 00:00:00,57411,1,3
2016-08-28 00:00:00,57391,72,3
2016-08-27 00:00:00,56995,-164,3
2016-08-26 00:00:00,57965,33,3
2016-08-25 00:00:00,57776,-42,3
2016-08-24 00:00:00,58018,-55,3
2016-08-23 00:00:00,58341,-57,3
2016-08-22 00:00:00,58675,94,3
2016-08-21 00:00:00,58131,-11,3
2016-08-20 00:00:00,58170,98,3
2016-08-19 00:00:00,57563,22,3
2016-08-18 00:00:00,57432,11,3
2016-08-17 00:00:00,57322,-79,3
2016-08-16 00:00:00,57744,180,3
2016-08-15 00:00:00,56724,-57,3
2016-08-14 00:00:00,57047,-258,3
2016-08-13 00:00:00,58559,-30,3
2016-08-12 00:00:00,58756,-21,3
2016-08-11 00:00:00,58912,-51,3
2016-08-10 00:00:00,59210,76,3
2016-08-09 00:00:00,58780,-55,3
2016-08-08 00:00:00,59105,-29,3
2016-08-07 00:00:00,59269,84,3
2016-08-06 00:00:00,58778,222,3
2016-08-05 00:00:00,57504,-56,3
2016-08-04 00:00:00,57829,211,3
2016-08-03 00:00:00,56635,322,3
2016-08-02 00:00:00,54747,-972,3
2016-08-01 00:00:00,60627,-293,3
2016-07-31 00:00:00,62468,-464,3
2016-07-30 00:00:00,65505,-30,3
2016-07-29 00:00:00,65699,29,3
2016-07-28 00:00:00,65503,8,3
2016-07-27 00:00:00,65435,42,3
2016-07-26 00:00:00,65178,-37,3
2016-07-25 00:00:00,65410,-108,3
2016-07-24 00:00:00,66128,90,3
2016-07-23 00:00:00,65556,74,3
2016-07-22 00:00:00,65062,-215,3
2016-07-21 00:00:00,66501,-3,3
2016-07-20 00:00:00,66568,-106,3
2016-07-19 00:00:00,67286,2,3
2016-07-18 00:00:00,67311,-99,3
2016-07-17 00:00:00,67946,264,3
2016-07-16 00:00:00,66077,-45,3
2016-07-15 00:00:00,66326,62,3
2016-07-14 00:00:00,65808,79,3
2016-07-13 00:00:00,65447,-155,3
2016-07-12 00:00:00,66455,251,3
2016-07-11 00:00:00,64766,-13,3
2016-07-10 00:00:00,64936,-19,3
2016-07-09 00:00:00,65096,-231,3
2016-07-08 00:00:00,66652,403,3
2016-07-07 00:00:00,64056,-553,3
2016-07-06 00:00:00,67733,103,3
2016-07-05 00:00:00,67063,-184,3
2016-07-04 00:00:00,68366,377,3
2016-07-03 00:00:00,65866,-657,3
2016-07-02 00:00:00,70370,399,3
2016-07-01 00:00:00,67630,56,3
2016-06-30 00:00:00,67334,511,3
2016-06-29 00:00:00,63989,-66,3
2016-06-28 00:00:00,64700,-169,3
2016-06-27 00:00:00,65528,412,3
2016-06-26 00:00:00,62937,-549,3
2016-06-25 00:00:00,66512,-2,3
2016-06-24 00:00:00,66530,635,3
2016-06-23 00:00:00,62398,444,3
2016-06-22 00:00:00,59612,-1048,3
2016-06-21 00:00:00,66665,-941,3
2016-06-20 00:00:00,73723,-350,3
2016-06-19 00:00:00,76378,94,3
2016-06-18 00:00:00,75623,100,3
2016-06-17 00:00:00,74891,-255,3
2016-06-16 00:00:00,76631,1002,3
2016-06-15 00:00:00,69447,128,3
2016-06-14 00:00:00,68556,-269,3
2016-06-13 00:00:00,70438,487,3
2016-06-12 00:00:00,67278,1035,3
2016-06-11 00:00:00,60673,485,3
2016-06-10 00:00:00,57747,28,3
2016-06-09 00:00:00,57463,-130,3
2016-06-08 00:00:00,58165,78,3
2016-06-07 00:00:00,57660,-151,3
2016-06-06 00:00:00,58554,190,3
2016-06-05 00:00:00,57498,29,3
2016-06-04 00:00:00,57273,53,3
2016-06-03 00:00:00,56919,586,3
2016-06-02 00:00:00,53797,27,3
2016-06-01 00:00:00,53692,109,3
2016-05-31 00:00:00,53139,-52,3
2016-05-30 00:00:00,53386,102,3
2016-05-29 00:00:00,52623,-24,3
2016-05-28 00:00:00,53004,1205,3
2016-05-27 00:00:00,47346,440,3
2016-05-26 00:00:00,45338,83,3
2016-05-25 00:00:00,44960,79,3
2016-05-24 00:00:00,44598,38,3
2016-05-23 00:00:00,44415,109,3
2016-05-22 00:00:00,43932,-88,3
2016-05-21 00:00:00,44319,5,3
2016-05-20 00:00:00,44268,112,3
2016-05-19 00:00:00,43871,-348,3
2016-05-18 00:00:00,45462,20,3
2016-05-17 00:00:00,45378,-5,3
2016-05-16 00:00:00,45416,-75,3
2016-05-15 00:00:00,45757,40,3
2016-05-14 00:00:00,45567,-3,3
2016-05-13 00:00:00,45567,18,3
2016-05-12 00:00:00,45477,51,3
2016-05-11 00:00:00,45273,41,3
2016-05-10 00:00:00,45089,-209,3
2016-05-09 00:00:00,46048,50,3
2016-05-08 00:00:00,45855,3,3
2016-05-07 00:00:00,45854,-24,3
2016-05-06 00:00:00,45960,260,3
2016-05-05 00:00:00,44798,28,3
2016-05-04 00:00:00,44672,-77,3
2016-05-03 00:00:00,45030,125,3
2016-05-02 00:00:00,44467,-161,3
2016-05-01 00:00:00,45188,76,3
2016-04-30 00:00:00,44832,-151,3
2016-04-29 00:00:00,45510,127,3
2016-04-28 00:00:00,44901,89,3
2016-04-27 00:00:00,44469,-463,3
2016-04-26 00:00:00,46609,96,3
2016-04-25 00:00:00,46143,50,3
2016-04-24 00:00:00,45855,177,3
2016-04-23 00:00:00,45028,99,3
2016-04-22 00:00:00,44574,-88,3
2016-04-21 00:00:00,44942,181,3
2016-04-20 00:00:00,44139,139,3
2016-04-19 00:00:00,43551,159,3
2016-04-18 00:00:00,42859,23,3
2016-04-17 00:00:00,42740,-75,3
2016-04-16 00:00:00,43057,23,3
2016-04-15 00:00:00,42971,124,3
2016-04-14 00:00:00,42428,8,3
2016-04-13 00:00:00,42373,-45,3
2016-04-12 00:00:00,42519,56,3
2016-04-11 00:00:00,42248,14,3
2016-04-10 00:00:00,42156,47,3
2016-04-09 00:00:00,41941,-33,3
2016-04-08 00:00:00,42035,-61,3
2016-04-07 00:00:00,42274,-21,3
2016-04-06 00:00:00,42341,-21,3
2016-04-05 00:00:00,42403,71,3
2016-04-04 00:00:00,42144,3,3
2016-04-03 00:00:00,42090,-6,3
2016-04-02 00:00:00,42087,59,3
2016-04-01 00:00:00,41796,29,3
2016-03-31 00:00:00,41673,35,3
2016-03-30 00:00:00,41482,-48,3
2016-03-29 00:00:00,41652,-183,3
2016-03-28 00:00:00,42423,-54,3
2016-03-27 00:00:00,42677,206,3
2016-03-26 00:00:00,41795,14,3
2016-03-25 00:00:00,41718,16,3
2016-03-24 00:00:00,41639,-49,3
2016-03-23 00:00:00,41804,-3,3
2016-03-22 00:00:00,41809,120,3
2016-03-21 00:00:00,41331,-3,3
2016-03-20 00:00:00,41376,82,3
2016-03-19 00:00:00,41044,29,3
2016-03-18 00:00:00,40955,-262,3
2016-03-17 00:00:00,42062,65,3
2016-03-16 00:00:00,41701,3,3
2016-03-15 00:00:00,41683,11,3
2016-03-14 00:00:00,41644,54,3
2016-03-13 00:00:00,41407,59,3
2016-03-12 00:00:00,41162,-237,3
2016-03-11 00:00:00,42169,107,3
2016-03-10 00:00:00,41713,58,3
2016-03-09 00:00:00,41486,23,3
2016-03-08 00:00:00,41397,-12,3
2016-03-07 00:00:00,41432,161,3
2016-03-06 00:00:00,40771,180,3
2016-03-05 00:00:00,40057,-249,3
2016-03-04 00:00:00,41094,-258,3
2016-03-03 00:00:00,42165,-53,3
2016-03-02 00:00:00,42399,-256,3
2016-03-01 00:00:00,43512,-64,3
2016-02-29 00:00:00,43770,98,3
2016-02-28 00:00:00,43350,21,3
2016-02-27 00:00:00,43252,-7,3
2016-02-26 00:00:00,43215,177,3
2016-02-25 00:00:00,42454,-12,3
2016-02-24 00:00:00,42495,95,3
2016-02-23 00:00:00,42074,-400,3
2016-02-22 00:00:00,43775,-28,3
2016-02-21 00:00:00,43880,24,3
2016-02-20 00:00:00,43716,369,3
2016-02-19 00:00:00,42079,-46,3
2016-02-18 00:00:00,42237,139,3
2016-02-17 00:00:00,41632,212,3
2016-02-16 00:00:00,40749,151,3
2016-02-15 00:00:00,40018,-181,3
2016-02-14 00:00:00,40723,364,3
2016-02-13 00:00:00,39186,188,3
2016-02-12 00:00:00,38426,120,3
2016-02-11 00:00:00,37965,-64,3
2016-02-10 00:00:00,38165,146,3
2016-02-09 00:00:00,37603,70,3
2016-02-08 00:00:00,37345,-88,3
2016-02-07 00:00:00,37662,3,3
2016-02-06 00:00:00,37652,-260,3
2016-02-05 00:00:00,38655,-60,3
2016-02-04 00:00:00,38959,525,3
2016-02-03 00:00:00,36995,-125,3
2016-02-02 00:00:00,37445,41,3
2016-02-01 00:00:00,37306,100,3
2016-01-31 00:00:00,36877,-252,3
2016-01-30 00:00:00,37826,-16,3
2016-01-29 00:00:00,37947,-17,3
2016-01-28 00:00:00,38029,-376,3
2016-01-27 00:00:00,39497,64,3
2016-01-26 00:00:00,39215,4,3
2016-01-25 00:00:00,39173,-263,3
2016-01-24 00:00:00,40297,383,3
2016-01-23 00:00:00,38749,132,3
2016-01-22 00:00:00,38249,-665,3
2016-01-21 00:00:00,41026,-223,3
2016-01-20 00:00:00,42023,1066,3
2016-01-19 00:00:00,38015,-178,3
2016-01-18 00:00:00,38717,143,3
2016-01-17 00:00:00,38230,-125,3
2016-01-16 00:00:00,38754,615,3
2016-01-15 00:00:00,36433,-1532,3
2016-01-14 00:00:00,43031,-46,3
2016-01-13 00:00:00,43237,-53,3
2016-01-12 00:00:00,43569,-279,3
2016-01-11 00:00:00,44843,-6,3
2016-01-10 00:00:00,44799,-6,3
2016-01-09 00:00:00,44761,-127,3
2016-01-08 00:00:00,45323,-94,3
2016-01-07 00:00:00,45805,652,3
2016-01-06 00:00:00,42911,-64,3
2016-01-05 00:00:00,43196,-26,3
2016-01-04 00:00:00,43309,70,3
2016-01-03 00:00:00,43001,-82,3
2016-01-02 00:00:00,43344,-27,3
2016-01-01 00:00:00,43433,84,3
2015-12-31 00:00:00,43057,110,3
2015-12-30 00:00:00,42662,-154,3
2015-12-29 00:00:00,43298,258,3
2015-12-28 00:00:00,42228,-25,3
2015-12-27 00:00:00,42282,151,3
2015-12-26 00:00:00,41727,-845,3
2015-12-25 00:00:00,45565,17,3
2015-12-24 00:00:00,45498,268,3
2015-12-23 00:00:00,44240,130,3
2015-12-22 00:00:00,43657,-20,3
2015-12-21 00:00:00,43864,-95,3
2015-12-20 00:00:00,44268,-423,3
2015-12-19 00:00:00,46232,-27,3
2015-12-18 00:00:00,46362,170,3
2015-12-17 00:00:00,45608,29,3
2015-12-16 00:00:00,45493,-221,3
2015-12-15 00:00:00,46532,483,3
2015-12-14 00:00:00,44418,252,3
2015-12-13 00:00:00,43376,49,3
2015-12-12 00:00:00,43500,-383,3
2015-12-11 00:00:00,45194,883,3
2015-12-10 00:00:00,41548,-60,3
2015-12-09 00:00:00,41756,75,3
2015-12-08 00:00:00,41556,501,3
2015-12-07 00:00:00,39554,143,3
2015-12-06 00:00:00,38878,-20,3
2015-12-05 00:00:00,38895,694,3
2015-12-04 00:00:00,36318,53,3
2015-12-03 00:00:00,36105,48,3
2015-12-02 00:00:00,35919,-74,3
2015-12-01 00:00:00,36249,-395,3
2015-11-30 00:00:00,37732,158,3
2015-11-29 00:00:00,37129,387,3
2015-11-28 00:00:00,35738,7,3
2015-11-27 00:00:00,35804,176,3
2015-11-26 00:00:00,35268,743,3
2015-11-25 00:00:00,32821,255,3
2015-11-24 00:00:00,32005,-92,3
2015-11-23 00:00:00,32305,-40,3
2015-11-22 00:00:00,32454,-75,3
2015-11-21 00:00:00,32693,150,3
2015-11-20 00:00:00,32202,-134,3
2015-11-19 00:00:00,32615,-255,3
2015-11-18 00:00:00,33459,0,3
2015-11-17 00:00:00,33509,143,3
2015-11-16 00:00:00,33075,345,3
2015-11-15 00:00:00,32017,-387,3
2015-11-14 00:00:00,33291,-110,3
2015-11-13 00:00:00,33675,-52,3
2015-11-12 00:00:00,33815,766,3
2015-11-11 00:00:00,31108,-846,3
2015-11-10 00:00:00,33682,-1136,3
2015-11-09 00:00:00,38026,159,3
2015-11-08 00:00:00,37337,-284,3
2015-11-07 00:00:00,38648,326,3
2015-11-06 00:00:00,37447,-350,3
2015-11-05 00:00:00,38635,-532,3
2015-11-04 00:00:00,41156,196,3
2015-11-03 00:00:00,40342,1148,3
2015-11-02 00:00:00,36119,1081,3
2015-11-01 00:00:00,32543,331,3
2015-10-31 00:00:00,31417,-437,3
2015-10-30 00:00:00,32802,448,3
2015-10-29 00:00:00,31386,313,3
2015-10-28 00:00:00,30462,372,3
2015-10-27 00:00:00,29379,302,3
2015-10-26 00:00:00,28530,59,3
2015-10-25 00:00:00,28368,79,3
2015-10-24 00:00:00,28165,186,3
2015-10-23 00:00:00,27650,104,3
2015-10-22 00:00:00,27402,282,3
2015-10-21 00:00:00,26627,-113,3
2015-10-20 00:00:00,26946,223,3
2015-10-19 00:00:00,26344,60,3
2015-10-18 00:00:00,26164,-342,3
2015-10-17 00:00:00,27064,300,3
2015-10-16 00:00:00,26287,337,3
2015-10-15 00:00:00,25432,88,3
2015-10-14 00:00:00,25199,100,3
2015-10-13 00:00:00,24951,176,3
2015-10-12 00:00:00,24531,-64,3
2015-10-11 00:00:00,24705,94,3
2015-10-10 00:00:00,24494,49,3
2015-10-09 00:00:00,24393,59,3
2015-10-08 00:00:00,24230,-32,3
2015-10-07 00:00:00,24297,-130,3
2015-10-06 00:00:00,24606,237,3
2015-10-05 00:00:00,24038,94,3
2015-10-04 00:00:00,23826,-11,3
2015-10-03 00:00:00,23873,65,3
2015-10-02 00:00:00,23729,1,3
2015-10-01 00:00:00,23755,66,3
2015-09-30 00:00:00,23606,-25,3
2015-09-29 00:00:00,23669,-97,3
2015-09-28 00:00:00,23914,271,3
2015-09-27 00:00:00,23276,-59,3
2015-09-26 00:00:00,23434,-31,3
2015-09-25 00:00:00,23514,33,3
2015-09-24 00:00:00,23453,181,3
2015-09-23 00:00:00,23028,-29,3
2015-09-22 00:00:00,23062,161,3
2015-09-21 00:00:00,22709,-179,3
2015-09-20 00:00:00,23121,-8,3
2015-09-19 00:00:00,23149,-59,3
2015-09-18 00:00:00,23298,-23,3
2015-09-17 00:00:00,22981,32,3
2015-09-16 00:00:00,22909,-50,3
2015-09-15 00:00:00,23030,-8,3
2015-09-14 00:00:00,23064,1,3
2015-09-13 00:00:00,23051,-201,3
2015-09-12 00:00:00,23523,-193,3
2015-09-11 00:00:00,24011,75,3
2015-09-10 00:00:00,23848,6,3
2015-09-09 00:00:00,23817,-215,3
2015-09-08 00:00:00,24361,157,3
2015-09-07 00:00:00,23985,-3,3
2015-09-06 00:00:00,23984,212,3
2015-09-05 00:00:00,23502,209,3
2015-09-04 00:00:00,23030,136,3
2015-09-03 00:00:00,22718,-93,3
2015-09-02 00:00:00,22928,55,3
2015-09-01 00:00:00,22812,-93,3
2015-08-31 00:00:00,23006,41,3
2015-08-30 00:00:00,22876,-50,3
2015-08-29 00:00:00,22978,-76,3
2015-08-28 00:00:00,23140,298,3
2015-08-27 00:00:00,22477,-57,3
2015-08-26 00:00:00,22583,169,3
2015-08-25 00:00:00,22161,549,3
2015-08-24 00:00:00,21049,-772,3
2015-08-23 00:00:00,22817,-96,3
2015-08-22 00:00:00,23039,-98,3
2015-08-21 00:00:00,23257,-118,3
2015-08-20 00:00:00,23535,372,3
2015-08-19 00:00:00,22668,45,3
2015-08-18 00:00:00,21108,-1816,3
2015-08-17 00:00:00,25798,-20,3
2015-08-16 00:00:00,25851,-128,3
2015-08-15 00:00:00,26155,-150,3
2015-08-14 00:00:00,26568,59,3
2015-08-13 00:00:00,26408,-79,3
2015-08-12 00:00:00,26638,-156,3
2015-08-11 00:00:00,27039,229,3
2015-08-10 00:00:00,26447,-38,3
2015-08-09 00:00:00,26508,152,3
2015-08-08 00:00:00,26100,-670,3
2015-08-07 00:00:00,27958,30,3
2015-08-06 00:00:00,27858,-118,3
2015-08-05 00:00:00,28188,-104,3
2015-08-04 00:00:00,28522,142,3
2015-08-03 00:00:00,28123,-56,3
2015-08-02 00:00:00,28261,77,3
2015-08-01 00:00:00,28160,-109,3
2015-07-31 00:00:00,28465,-106,3
2015-07-30 00:00:00,28772,-48,3
2015-07-29 00:00:00,28959,-166,3
2015-07-28 00:00:00,29443,27,3
2015-07-27 00:00:00,29362,33,3
2015-07-26 00:00:00,29269,140,3
2015-07-25 00:00:00,28870,19,3
2015-07-24 00:00:00,28828,445,3
2015-07-23 00:00:00,27605,-47,3
2015-07-22 00:00:00,27722,57,3
2015-07-21 00:00:00,27583,-109,3
2015-07-20 00:00:00,27898,200,3
2015-07-19 00:00:00,27361,-42,3
2015-07-18 00:00:00,27490,-159,3
2015-07-17 00:00:00,27947,50,3
2015-07-16 00:00:00,27809,-278,3
2015-07-15 00:00:00,28583,-77,3
2015-07-14 00:00:00,28746,-156,3
2015-07-13 00:00:00,29205,-604,3
2015-07-12 00:00:00,31087,605,3
2015-07-11 00:00:00,29311,289,3
2015-07-10 00:00:00,28489,584,3
2015-07-09 00:00:00,26923,-59,3
2015-07-08 00:00:00,27079,181,3
2015-07-07 00:00:00,26621,-139,3
2015-07-06 00:00:00,26903,-77,3
2015-07-05 00:00:00,27191,426,3
2015-07-04 00:00:00,26089,172,3
2015-07-03 00:00:00,25634,34,3
2015-07-02 00:00:00,25541,-121,3
2015-07-01 00:00:00,25862,-180,3
2015-06-30 00:00:00,26307,235,3
2015-06-29 00:00:00,25706,335,3
2015-06-28 00:00:00,24901,-78,3
2015-06-27 00:00:00,25099,305,3
2015-06-26 00:00:00,24359,41,3
2015-06-25 00:00:00,24280,101,3
2015-06-24 00:00:00,24051,-154,3
2015-06-23 00:00:00,24430,-107,3
2015-06-22 00:00:00,24699,124,3
2015-06-21 00:00:00,24394,-47,3
2015-06-20 00:00:00,24521,28,3
2015-06-19 00:00:00,24461,-178,3
2015-06-18 00:00:00,24901,-17,3
2015-06-17 00:00:00,24928,-61,3
2015-06-16 00:00:00,25090,597,3
2015-06-15 00:00:00,23682,146,3
2015-06-14 00:00:00,23354,47,3
2015-06-13 00:00:00,23240,108,3
2015-06-12 00:00:00,22998,12,3
2015-06-11 00:00:00,22971,38,3
2015-06-10 00:00:00,22880,-8,3
2015-06-09 00:00:00,22905,22,3
2015-06-08 00:00:00,22849,252,3
2015-06-07 00:00:00,22288,-121,3
2015-06-06 00:00:00,22562,27,3
2015-06-05 00:00:00,22495,36,3
2015-06-04 00:00:00,22432,-64,3
2015-06-03 00:00:00,22587,6,3
2015-06-02 00:00:00,22580,131,3
2015-06-01 00:00:00,22293,-317,3
2015-05-31 00:00:00,23019,-126,3
2015-05-30 00:00:00,23335,-158,3
2015-05-29 00:00:00,23710,-12,3
2015-05-28 00:00:00,23741,6,3
2015-05-27 00:00:00,23728,9,3
2015-05-26 00:00:00,23712,1,3
2015-05-25 00:00:00,23711,-159,3
2015-05-24 00:00:00,24095,82,3
2015-05-23 00:00:00,23887,-59,3
2015-05-22 00:00:00,24035,214,3
2015-05-21 00:00:00,23534,56,3
2015-05-20 00:00:00,23402,92,3
2015-05-19 00:00:00,23195,-47,3
2015-05-18 00:00:00,23313,-159,3
2015-05-17 00:00:00,23680,33,3
2015-05-16 00:00:00,23615,-63,3
2015-05-15 00:00:00,23760,27,3
2015-05-14 00:00:00,23693,30,3
2015-05-13 00:00:00,23638,-208,3
2015-05-12 00:00:00,24111,-43,3
2015-05-11 00:00:00,24216,77,3
2015-05-10 00:00:00,24030,-59,3
2015-05-09 00:00:00,24183,-80,3
2015-05-08 00:00:00,24386,281,3
2015-05-07 00:00:00,23733,334,3
2015-05-06 00:00:00,22978,-274,3
2015-05-05 00:00:00,23612,-114,3
2015-05-04 00:00:00,23902,-56,3
2015-05-03 00:00:00,24036,233,3
2015-05-02 00:00:00,23493,111,3
2015-05-01 00:00:00,23208,-164,3
2015-04-30 00:00:00,23615,463,3
2015-04-29 00:00:00,22581,10,3
2015-04-28 00:00:00,22585,-136,3
2015-04-27 00:00:00,22929,449,3
2015-04-26 00:00:00,21943,-308,3
2015-04-25 00:00:00,22639,-210,3
2015-04-24 00:00:00,23127,-199,3
2015-04-23 00:00:00,23646,103,3
2015-04-22 00:00:00,23418,-60,3
2015-04-21 00:00:00,23527,474,3
2015-04-20 00:00:00,22463,91,3
2015-04-19 00:00:00,22260,-38,3
2015-04-18 00:00:00,22336,23,3
2015-04-17 00:00:00,22288,-249,3
2015-04-16 00:00:00,22857,208,3
2015-04-15 00:00:00,22383,217,3
2015-04-14 00:00:00,21916,-249,3
2015-04-13 00:00:00,22459,-481,3
2015-04-12 00:00:00,23615,-16,3
2015-04-11 00:00:00,23655,22,3
2015-04-10 00:00:00,23607,-313,3
2015-04-09 00:00:00,24368,-44,3
2015-04-08 00:00:00,24502,-318,3
2015-04-07 00:00:00,25318,-82,3
2015-04-06 00:00:00,25549,-201,3
2015-04-05 00:00:00,26060,270,3
2015-04-04 00:00:00,25370,-23,3
2015-04-03 00:00:00,25432,49,3
2015-04-02 00:00:00,25301,240,3
2015-04-01 00:00:00,24727,125,3
2015-03-31 00:00:00,24422,-131,3
2015-03-30 00:00:00,24753,191,3
2015-03-29 00:00:00,24271,-397,3
2015-03-28 00:00:00,25280,236,3
2015-03-27 00:00:00,24703,-62,3
2015-03-26 00:00:00,24853,91,3
2015-03-25 00:00:00,24620,-51,3
2015-03-24 00:00:00,24560,-787,3
2015-03-23 00:00:00,26674,-43,3
2015-03-22 00:00:00,26796,309,3
2015-03-21 00:00:00,26002,-62,3
2015-03-20 00:00:00,26175,30,3
2015-03-19 00:00:00,26093,197,3
2015-03-18 00:00:00,25630,-1009,3
2015-03-17 00:00:00,28551,-175,3
2015-03-16 00:00:00,29059,172,3
2015-03-15 00:00:00,28639,177,3
2015-03-14 00:00:00,28189,-90,3
2015-03-13 00:00:00,28534,-299,3
2015-03-12 00:00:00,29435,-60,3
2015-03-11 00:00:00,29638,167,3
2015-03-10 00:00:00,29176,66,3
2015-03-09 00:00:00,28961,539,3
2015-03-08 00:00:00,27435,-75,3
2015-03-07 00:00:00,27626,146,3
2015-03-06 00:00:00,27272,-104,3
2015-03-05 00:00:00,27618,126,3
2015-03-04 00:00:00,27309,-316,3
2015-03-03 00:00:00,28170,242,3
2015-03-02 00:00:00,27567,588,3
2015-03-01 00:00:00,26020,233,3
2015-02-28 00:00:00,25426,29,3
2015-02-27 00:00:00,25383,735,3
2015-02-26 00:00:00,23643,-38,3
2015-02-25 00:00:00,23747,-59,3
2015-02-24 00:00:00,23874,-11,3
2015-02-23 00:00:00,23889,123,3
2015-02-22 00:00:00,23598,-350,3
2015-02-21 00:00:00,24453,32,3
2015-02-20 00:00:00,24378,147,3
2015-02-19 00:00:00,24028,164,3
2015-02-18 00:00:00,23633,-306,3
2015-02-17 00:00:00,24361,437,3
2015-02-16 00:00:00,23384,-42,3
2015-02-15 00:00:00,23482,-881,3
2015-02-14 00:00:00,25732,925,3
2015-02-13 00:00:00,23543,606,3
2015-02-12 00:00:00,22176,116,3
2015-02-11 00:00:00,21918,-25,3
2015-02-10 00:00:00,21984,-20,3
2015-02-09 00:00:00,22011,-147,3
2015-02-08 00:00:00,22341,-188,3
2015-02-07 00:00:00,22775,230,3
2015-02-06 00:00:00,22227,247,3
2015-02-05 00:00:00,21711,-463,3
2015-02-04 00:00:00,22685,-29,3
2015-02-03 00:00:00,22727,-429,3
2015-02-02 00:00:00,23823,518,3
2015-02-01 00:00:00,22697,466,3
2015-01-31 00:00:00,21746,-397,3
2015-01-30 00:00:00,22643,-272,3
2015-01-29 00:00:00,23351,7,3
2015-01-28 00:00:00,23391,-1118,3
2015-01-27 00:00:00,26348,-355,3
2015-01-26 00:00:00,27347,763,3
2015-01-25 00:00:00,25372,258,3
2015-01-24 00:00:00,24785,651,3
2015-01-23 00:00:00,23288,-27,3
2015-01-22 00:00:00,23341,268,3
2015-01-21 00:00:00,22690,734,3
2015-01-20 00:00:00,21132,-75,3
2015-01-19 00:00:00,21486,160,3
2015-01-18 00:00:00,21034,514,3
2015-01-17 00:00:00,19926,-412,3
2015-01-16 00:00:00,20810,-46,3
2015-01-15 00:00:00,20984,1862,3
2015-01-14 00:00:00,17810,-2045,3
2015-01-13 00:00:00,22586,-1553,3
2015-01-12 00:00:00,26780,62,3
2015-01-11 00:00:00,26566,-326,3
2015-01-10 00:00:00,27480,-435,3
2015-01-09 00:00:00,29041,284,3
2015-01-08 00:00:00,28335,-367,3
2015-01-07 00:00:00,29434,289,3
2015-01-06 00:00:00,28619,422,3
2015-01-05 00:00:00,27447,354,3
2015-01-04 00:00:00,26420,-603,3
2015-01-03 00:00:00,28108,-1073,3
2015-01-02 00:00:00,31503,30,3
2015-01-01 00:00:00,31425,-193,3
2014-12-31 00:00:00,32019,298,3
2014-12-30 00:00:00,31074,-63,3
2014-12-29 00:00:00,31267,-158,3
2014-12-28 00:00:00,31724,34,3
2014-12-27 00:00:00,31586,-358,3
2014-12-26 00:00:00,32792,275,3
2014-12-25 00:00:00,31901,-102,3
2014-12-24 00:00:00,32253,-355,3
2014-12-23 00:00:00,33457,77,3
2014-12-22 00:00:00,33189,337,3
2014-12-21 00:00:00,32084,-264,3
2014-12-20 00:00:00,32996,389,3
2014-12-19 00:00:00,31784,214,3
2014-12-18 00:00:00,31140,-262,3
2014-12-17 00:00:00,31978,-217,3
2014-12-16 00:00:00,32706,-538,3
2014-12-15 00:00:00,34535,-171,3
2014-12-14 00:00:00,35163,141,3
2014-12-13 00:00:00,34738,-142,3
2014-12-12 00:00:00,35254,49,3
2014-12-11 00:00:00,35051,179,3
2014-12-10 00:00:00,34636,-166,3
2014-12-09 00:00:00,35222,-267,3
2014-12-08 00:00:00,36191,-348,3
2014-12-07 00:00:00,37510,7,3
2014-12-06 00:00:00,37479,-52,3
2014-12-05 00:00:00,37685,201,3
2014-12-04 00:00:00,36960,-163,3
2014-12-03 00:00:00,37501,-176,3
2014-12-02 00:00:00,38132,55,3
2014-12-01 00:00:00,37924,26,3
2014-11-30 00:00:00,37805,68,3
2014-11-29 00:00:00,37549,-18,3
2014-11-28 00:00:00,37645,192,3
2014-11-27 00:00:00,36967,-22,3
2014-11-26 00:00:00,36837,-203,3
2014-11-25 00:00:00,37535,-41,3
2014-11-24 00:00:00,37690,271,3
2014-11-23 00:00:00,36757,408,3
2014-11-22 00:00:00,35292,38,3
2014-11-21 00:00:00,35085,-196,3
2014-11-20 00:00:00,35784,-591,3
2014-11-19 00:00:00,38055,178,3
2014-11-18 00:00:00,37520,-325,3
2014-11-17 00:00:00,38741,-24,3
2014-11-16 00:00:00,38788,351,3
2014-11-15 00:00:00,37613,-589,3
2014-11-14 00:00:00,39782,-492,3
2014-11-13 00:00:00,42073,-153,3
2014-11-12 00:00:00,42356,1510,3
2014-11-11 00:00:00,36770,50,3
2014-11-10 00:00:00,36692,128,3
2014-11-09 00:00:00,36326,518,3
2014-11-08 00:00:00,34549,98,3
2014-11-07 00:00:00,34242,-212,3
2014-11-06 00:00:00,34929,290,3
2014-11-05 00:00:00,33949,266,3
2014-11-04 00:00:00,33049,102,3
2014-11-03 00:00:00,32755,61,3
2014-11-02 00:00:00,32589,-6,3
2014-11-01 00:00:00,32575,-381,3
2014-10-31 00:00:00,33832,-194,3
2014-10-30 00:00:00,34530,286,3
2014-10-29 00:00:00,33559,-602,3
2014-10-28 00:00:00,35762,125,3
2014-10-27 00:00:00,35299,-50,3
2014-10-26 00:00:00,35470,207,3
2014-10-25 00:00:00,34727,-316,3
2014-10-24 00:00:00,35835,-7,3
2014-10-23 00:00:00,35842,-641,3
2014-10-22 00:00:00,38316,-77,3
2014-10-21 00:00:00,38648,106,3
2014-10-20 00:00:00,38285,-164,3
2014-10-19 00:00:00,38955,-43,3
2014-10-18 00:00:00,39144,194,3
2014-10-17 00:00:00,38376,26,3
2014-10-16 00:00:00,38256,-303,3
2014-10-15 00:00:00,39477,-154,3
2014-10-14 00:00:00,40087,234,3
2014-10-13 00:00:00,39041,330,3
2014-10-12 00:00:00,37855,440,3
2014-10-11 00:00:00,36230,26,3
2014-10-10 00:00:00,36156,-86,3
2014-10-09 00:00:00,36503,348,3
2014-10-08 00:00:00,35294,500,3
2014-10-07 00:00:00,33619,170,3
2014-10-06 00:00:00,33008,302,3
2014-10-05 00:00:00,32051,-256,3
2014-10-04 00:00:00,32887,-862,3
2014-10-03 00:00:00,35951,-418,3
2014-10-02 00:00:00,37507,-232,3
2014-10-01 00:00:00,38361,-99,3
2014-09-30 00:00:00,38694,288,3
2014-09-29 00:00:00,37547,-39,3
2014-09-28 00:00:00,37718,-558,3
2014-09-27 00:00:00,39952,-100,3
2014-09-26 00:00:00,40442,-170,3
2014-09-25 00:00:00,41157,-274,3
2014-09-24 00:00:00,42320,-288,3
2014-09-23 00:00:00,43579,838,3
2014-09-22 00:00:00,40215,76,3
2014-09-21 00:00:00,39882,-227,3
2014-09-20 00:00:00,40890,361,3
2014-09-19 00:00:00,39480,-691,3
2014-09-18 00:00:00,42444,-710,3
2014-09-17 00:00:00,45733,-183,3
2014-09-16 00:00:00,46606,-185,3
2014-09-15 00:00:00,47537,-50,3
2014-09-14 00:00:00,47789,-26,3
2014-09-13 00:00:00,47900,25,3
2014-09-12 00:00:00,47775,-38,3
2014-09-11 00:00:00,47975,3,3
2014-09-10 00:00:00,47936,82,3
2014-09-09 00:00:00,47526,8,3
2014-09-08 00:00:00,47460,-150,3
2014-09-07 00:00:00,48228,-59,3
2014-09-06 00:00:00,48483,31,3
2014-09-05 00:00:00,48334,-129,3
2014-09-04 00:00:00,48966,251,3
2014-09-03 00:00:00,47759,15,3
2014-09-02 00:00:00,47743,62,3
2014-09-01 00:00:00,47488,-61,3
2014-08-31 00:00:00,47776,-500,3
2014-08-30 00:00:00,50425,-85,3
2014-08-29 00:00:00,50852,2,3
2014-08-28 00:00:00,50782,-60,3
2014-08-27 00:00:00,51115,-20,3
2014-08-26 00:00:00,51157,180,3
2014-08-25 00:00:00,50250,-113,3
2014-08-24 00:00:00,50829,201,3
2014-08-23 00:00:00,49808,-298,3
2014-08-22 00:00:00,51404,-68,3
2014-08-21 00:00:00,51724,133,3
2014-08-20 00:00:00,51198,555,3
2014-08-19 00:00:00,48524,515,3
2014-08-18 00:00:00,46146,-611,3
2014-08-17 00:00:00,49180,-527,3
2014-08-16 00:00:00,51971,440,3
2014-08-15 00:00:00,49701,-276,3
2014-08-14 00:00:00,50597,-736,3
2014-08-13 00:00:00,54666,-416,3
2014-08-12 00:00:00,56964,-119,3
2014-08-11 00:00:00,57637,-252,3
2014-08-10 00:00:00,59106,32,3
2014-08-09 00:00:00,58937,-52,3
2014-08-08 00:00:00,59258,63,3
2014-08-07 00:00:00,58887,72,3
2014-08-06 00:00:00,58465,-22,3
2014-08-05 00:00:00,58544,-61,3
2014-08-04 00:00:00,58878,43,3
2014-08-03 00:00:00,58667,-38,3
2014-08-02 00:00:00,58933,-94,3
2014-08-01 00:00:00,59492,149,3
2014-07-31 00:00:00,58623,332,3
2014-07-30 00:00:00,56729,-298,3
2014-07-29 00:00:00,58472,-14,3
2014-07-28 00:00:00,58569,-142,3
2014-07-27 00:00:00,59385,-31,3
2014-07-26 00:00:00,59581,-95,3
2014-07-25 00:00:00,60109,-7,3
2014-07-24 00:00:00,60173,-287,3
2014-07-23 00:00:00,61941,-28,3
2014-07-22 00:00:00,62155,-12,3
2014-07-21 00:00:00,62221,-28,3
2014-07-20 00:00:00,62390,-74,3
2014-07-19 00:00:00,62852,-10,3
2014-07-18 00:00:00,62878,103,3
2014-07-17 00:00:00,62309,106,3
2014-07-16 00:00:00,61680,-84,3
2014-07-15 00:00:00,62159,26,3
2014-07-14 00:00:00,61932,-116,3
2014-07-13 00:00:00,62650,-122,3
2014-07-12 00:00:00,63371,29,3
2014-07-11 00:00:00,63200,249,3
2014-07-10 00:00:00,61676,-129,3
2014-07-09 00:00:00,62451,-11,3
2014-07-08 00:00:00,62482,36,3
2014-07-07 00:00:00,62409,-179,3
2014-07-06 00:00:00,63581,64,3
2014-07-05 00:00:00,63146,24,3
2014-07-04 00:00:00,63069,-217,3
2014-07-03 00:00:00,64516,-86,3
2014-07-02 00:00:00,65088,154,3
2014-07-01 00:00:00,64081,-9,3
2014-06-30 00:00:00,63980,617,3
2014-06-29 00:00:00,60272,107,3
2014-06-28 00:00:00,59655,-42,3
2014-06-27 00:00:00,59726,275,3
2014-06-26 00:00:00,58114,265,3
2014-06-25 00:00:00,56634,-266,3
2014-06-24 00:00:00,58236,-195,3
2014-06-23 00:00:00,59398,-136,3
2014-06-22 00:00:00,60227,107,3
2014-06-21 00:00:00,59499,22,3
2014-06-20 00:00:00,59415,-54,3
2014-06-19 00:00:00,59807,-164,3
2014-06-18 00:00:00,60796,-30,3
2014-06-17 00:00:00,61086,326,3
2014-06-16 00:00:00,59219,-8,3
2014-06-15 00:00:00,59294,295,3
2014-06-14 00:00:00,57736,-389,3
2014-06-13 00:00:00,60016,247,3
2014-06-12 00:00:00,58695,-734,3
2014-06-11 00:00:00,63302,-309,3
2014-06-10 00:00:00,65315,48,3
2014-06-09 00:00:00,64916,-99,3
2014-06-08 00:00:00,65614,18,3
2014-06-07 00:00:00,65497,22,3
2014-06-06 00:00:00,65370,-85,3
2014-06-05 00:00:00,65926,284,3
2014-06-04 00:00:00,64161,-377,3
2014-06-03 00:00:00,66760,107,3
2014-06-02 00:00:00,66062,492,3
2014-06-01 00:00:00,63023,105,3
2014-05-31 00:00:00,62368,130,3
2014-05-30 00:00:00,61533,830,3
2014-05-29 00:00:00,56818,-141,3
2014-05-28 00:00:00,57706,90,3
2014-05-27 00:00:00,57124,-195,3
2014-05-26 00:00:00,58342,211,3
2014-05-25 00:00:00,57159,883,3
2014-05-24 00:00:00,52514,78,3
2014-05-23 00:00:00,52022,-105,3
2014-05-22 00:00:00,52458,661,3
2014-05-21 00:00:00,49177,123,3
2014-05-20 00:00:00,48572,883,3
2014-05-19 00:00:00,44618,2,3
2014-05-18 00:00:00,44626,-54,3
2014-05-17 00:00:00,44890,17,3
2014-05-16 00:00:00,44806,15,3
2014-05-15 00:00:00,44725,70,3
2014-05-14 00:00:00,44397,77,3
2014-05-13 00:00:00,44067,-19,3
2014-05-12 00:00:00,44146,72,3
2014-05-11 00:00:00,43889,-331,3
2014-05-10 00:00:00,45443,88,3
2014-05-09 00:00:00,44946,211,3
2014-05-08 00:00:00,44017,34,3
2014-05-07 00:00:00,43882,221,3
2014-05-06 00:00:00,42896,-102,3
2014-05-05 00:00:00,43348,-30,3
2014-05-04 00:00:00,43640,-48,3
2014-05-03 00:00:00,43776,-259,3
2014-05-02 00:00:00,44938,-174,3
2014-05-01 00:00:00,45776,226,3
2014-04-30 00:00:00,44764,17,3
2014-04-29 00:00:00,44721,164,3
2014-04-28 00:00:00,44029,222,3
2014-04-27 00:00:00,43639,-456,3
2014-04-26 00:00:00,45860,-67,3
2014-04-25 00:00:00,46145,-773,3
2014-04-24 00:00:00,50046,196,3
2014-04-23 00:00:00,49130,60,3
2014-04-22 00:00:00,48792,-152,3
2014-04-21 00:00:00,49577,-40,3
2014-04-20 00:00:00,49817,-71,3
2014-04-19 00:00:00,50157,459,3
2014-04-18 00:00:00,47964,-326,3
2014-04-17 00:00:00,49596,-626,3
2014-04-16 00:00:00,52740,100,3
2014-04-15 00:00:00,51559,1248,3
2014-04-14 00:00:00,45879,1060,3
2014-04-13 00:00:00,41406,-176,3
2014-04-12 00:00:00,42112,5,3
2014-04-11 00:00:00,42095,1574,3
2014-04-10 00:00:00,36518,-1743,3
2014-04-09 00:00:00,44273,-231,3
2014-04-08 00:00:00,45309,122,3
2014-04-07 00:00:00,44942,-261,3
2014-04-06 00:00:00,46050,-63,3
2014-04-05 00:00:00,46191,341,3
2014-04-04 00:00:00,44753,42,3
2014-04-03 00:00:00,44472,190,3
2014-04-02 00:00:00,43714,-877,3
2014-04-01 00:00:00,47838,468,3
2014-03-31 00:00:00,45700,-115,3
2014-03-30 00:00:00,46027,-652,3
2014-03-29 00:00:00,49117,-210,3
2014-03-28 00:00:00,49567,388,3
2014-03-27 00:00:00,47124,-1879,3
2014-03-26 00:00:00,58083,-45,3
2014-03-25 00:00:00,58392,-19,3
2014-03-24 00:00:00,58341,372,3
2014-03-23 00:00:00,56127,-79,3
2014-03-22 00:00:00,56504,-107,3
2014-03-21 00:00:00,57149,-286,3
2014-03-20 00:00:00,58877,-344,3
2014-03-19 00:00:00,60989,-65,3
2014-03-18 00:00:00,61483,-113,3
2014-03-17 00:00:00,62237,-136,3
2014-03-16 00:00:00,63111,-85,3
2014-03-15 00:00:00,63612,107,3
2014-03-14 00:00:00,62880,-146,3
2014-03-13 00:00:00,63814,71,3
2014-03-12 00:00:00,63210,3,3
2014-03-11 00:00:00,63411,98,3
2014-03-10 00:00:00,62779,-134,3
2014-03-09 00:00:00,63696,335,3
2014-03-08 00:00:00,61745,-194,3
2014-03-07 00:00:00,62915,-529,3
2014-03-06 00:00:00,66386,-10,3
2014-03-05 00:00:00,66551,-11,3
2014-03-04 00:00:00,66678,-22,3
2014-03-03 00:00:00,66776,1870,3
2014-03-02 00:00:00,55979,-131,3
2014-03-01 00:00:00,56561,285,3
2014-02-28 00:00:00,54926,-525,3
2014-02-27 00:00:00,57877,-50,3
2014-02-26 00:00:00,58269,850,3
2014-02-25 00:00:00,53871,-28,3
2014-02-24 00:00:00,54632,-985,3
2014-02-23 00:00:00,60582,-11,3
2014-02-22 00:00:00,60542,543,3
2014-02-21 00:00:00,57416,310,3
2014-02-20 00:00:00,55614,-1074,3
2014-02-19 00:00:00,62303,-47,3
2014-02-18 00:00:00,62660,-9,3
2014-02-17 00:00:00,62627,196,3
2014-02-16 00:00:00,61663,-532,3
2014-02-15 00:00:00,65092,-151,3
2014-02-14 00:00:00,66199,1012,3
2014-02-13 00:00:00,60524,-704,3
2014-02-12 00:00:00,65172,-307,3
2014-02-11 00:00:00,67217,-166,3
2014-02-10 00:00:00,68103,-4,3
2014-02-09 00:00:00,68290,170,3
2014-02-08 00:00:00,67392,-367,3
2014-02-07 00:00:00,71240,-904,3
2014-02-06 00:00:00,78155,-417,3
2014-02-05 00:00:00,81191,-217,3
2014-02-04 00:00:00,82796,51,3
2014-02-03 00:00:00,82383,-3,3
2014-02-02 00:00:00,82537,-90,3
2014-02-01 00:00:00,83258,48,3
2014-01-31 00:00:00,82992,140,3
2014-01-30 00:00:00,81903,-85,3
2014-01-29 00:00:00,82600,198,3
2014-01-28 00:00:00,81251,497,3
2014-01-27 00:00:00,77139,-1280,3
2014-01-26 00:00:00,88528,370,3
2014-01-25 00:00:00,85361,721,3
2014-01-24 00:00:00,79707,-308,3
2014-01-23 00:00:00,82204,-277,3
2014-01-22 00:00:00,84559,-249,3
2014-01-21 00:00:00,86391,-66,3
2014-01-20 00:00:00,87020,-14,3
2014-01-19 00:00:00,87096,373,3
2014-01-18 00:00:00,84000,293,3
2014-01-17 00:00:00,81464,-238,3
2014-01-16 00:00:00,83563,-287,3
2014-01-15 00:00:00,86090,333,3
2014-01-14 00:00:00,83327,-117,3
2014-01-13 00:00:00,84120,-221,3
2014-01-12 00:00:00,86322,-613,3
2014-01-11 00:00:00,91395,538,3
2014-01-10 00:00:00,86848,257,3
2014-01-09 00:00:00,84686,64,3
2014-01-08 00:00:00,84272,587,3
2014-01-07 00:00:00,80200,-1527,3
2014-01-06 00:00:00,95329,184,3
2014-01-05 00:00:00,93353,873,3
2014-01-04 00:00:00,85951,440,3
2014-01-03 00:00:00,81872,198,3
2014-01-02 00:00:00,80239,374,3
2014-01-01 00:00:00,77140,218,3
2013-12-31 00:00:00,75401,-83,3
2013-12-30 00:00:00,75613,199,3
2013-12-29 00:00:00,74505,234,3
2013-12-28 00:00:00,72783,-138,3
2013-12-27 00:00:00,73507,-370,3
2013-12-26 00:00:00,76198,1141,3
2013-12-25 00:00:00,68221,239,3
2013-12-24 00:00:00,66558,-101,3
2013-12-23 00:00:00,67341,984,3
2013-12-22 00:00:00,61718,256,3
2013-12-21 00:00:00,60566,-230,3
2013-12-20 00:00:00,62532,-992,3
2013-12-19 00:00:00,69196,3331,3
2013-12-18 00:00:00,52270,-2293,3
2013-12-17 00:00:00,68212,-343,3
2013-12-16 00:00:00,70597,-1981,3
2013-12-15 00:00:00,87612,9,3
2013-12-14 00:00:00,87260,-303,3
2013-12-13 00:00:00,89258,201,3
2013-12-12 00:00:00,87326,-108,3
2013-12-11 00:00:00,87848,-1118,3
2013-12-10 00:00:00,98851,1078,3
2013-12-09 00:00:00,89319,1252,3
2013-12-08 00:00:00,79587,1413,3
2013-12-07 00:00:00,69823,-1641,3
2013-12-06 00:00:00,82945,-2043,3
2013-12-05 00:00:00,104511,-934,3
2013-12-04 00:00:00,115117,683,3
2013-12-03 00:00:00,107828,305,3
2013-12-02 00:00:00,104333,966,3
2013-12-01 00:00:00,95585,-1533,3
2013-11-30 00:00:00,112943,1,3
2013-11-29 00:00:00,113197,863,3
2013-11-28 00:00:00,103195,285,3
2013-11-27 00:00:00,100196,845,3
2013-11-26 00:00:00,92810,1519,3
2013-11-25 00:00:00,79911,338,3
2013-11-24 00:00:00,77425,-269,3
2013-11-23 00:00:00,79782,338,3
2013-11-22 00:00:00,77144,654,3
2013-11-21 00:00:00,72243,2156,3
2013-11-20 00:00:00,59083,222,3
2013-11-19 00:00:00,58461,-1798,3
2013-11-18 00:00:00,70356,4168,3
2013-11-17 00:00:00,49211,1160,3
2013-11-16 00:00:00,44022,550,3
2013-11-15 00:00:00,41795,-35,3
2013-11-14 00:00:00,42020,339,3
2013-11-13 00:00:00,40737,1285,3
2013-11-12 00:00:00,36033,503,3
2013-11-11 00:00:00,34244,523,3
2013-11-10 00:00:00,32662,-636,3
2013-11-09 00:00:00,33911,16,3
2013-11-08 00:00:00,33811,1352,3
2013-11-07 00:00:00,29641,1327,3
2013-11-06 00:00:00,26250,724,3
2013-11-05 00:00:00,24524,699,3
2013-11-04 00:00:00,22910,673,3
2013-11-03 00:00:00,21505,440,3
2013-11-02 00:00:00,20622,20,3
2013-11-01 00:00:00,20618,112,3
2013-10-31 00:00:00,20400,209,3
2013-10-30 00:00:00,19997,-216,3
2013-10-29 00:00:00,20439,294,3
2013-10-28 00:00:00,19855,119,3
2013-10-27 00:00:00,19644,1123,3
2013-10-26 00:00:00,17732,-540,3
2013-10-25 00:00:00,18669,-556,3
2013-10-24 00:00:00,19823,-750,3
2013-10-23 00:00:00,21362,1048,3
2013-10-22 00:00:00,19376,608,3
2013-10-21 00:00:00,18221,424,3
2013-10-20 00:00:00,17461,172,3
2013-10-19 00:00:00,17242,1059,3
2013-10-18 00:00:00,15596,655,3
2013-10-17 00:00:00,14625,270,3
2013-10-16 00:00:00,14255,-213,3
2013-10-15 00:00:00,14524,318,3
2013-10-14 00:00:00,14052,90,3
2013-10-13 00:00:00,13813,217,3
2013-10-12 00:00:00,13519,328,3
2013-10-11 00:00:00,13090,11,3
2013-10-10 00:00:00,13059,-6,3
2013-10-09 00:00:00,13069,385,3
2013-10-08 00:00:00,12600,-58,3
2013-10-07 00:00:00,12694,-192,3
2013-10-06 00:00:00,12900,50,3
2013-10-05 00:00:00,12855,-6,3
2013-10-04 00:00:00,12901,454,3
2013-10-03 00:00:00,12363,802,3
2013-10-02 00:00:00,11413,-1357,3
2013-10-01 00:00:00,13218,-38,3
2013-09-30 00:00:00,13300,-303,3
2013-09-29 00:00:00,13734,181,3
2013-09-28 00:00:00,13478,76,3
2013-09-27 00:00:00,13378,375,3
2013-09-26 00:00:00,12838,13,3
2013-09-25 00:00:00,12822,66,3
2013-09-24 00:00:00,12725,95,3
2013-09-23 00:00:00,12595,-235,3
2013-09-22 00:00:00,12912,98,3
2013-09-21 00:00:00,12743,38,3
2013-09-20 00:00:00,12704,-205,3
2013-09-19 00:00:00,12965,-131,3
2013-09-18 00:00:00,13147,-18,3
2013-09-17 00:00:00,13166,5,3
2013-09-16 00:00:00,13172,66,3
2013-09-15 00:00:00,13037,75,3
2013-09-14 00:00:00,12922,-429,3
2013-09-13 00:00:00,13498,162,3
2013-09-12 00:00:00,13313,-179,3
2013-09-11 00:00:00,13525,744,3
2013-09-10 00:00:00,12591,-107,3
2013-09-09 00:00:00,12711,431,3
2013-09-08 00:00:00,12166,-199,3
2013-09-07 00:00:00,12415,442,3
2013-09-06 00:00:00,11915,-580,3
2013-09-05 00:00:00,12643,-26,3
2013-09-04 00:00:00,12674,-717,3
2013-09-03 00:00:00,13677,86,3
2013-09-02 00:00:00,13585,-201,3
2013-09-01 00:00:00,13834,237,3
2013-08-31 00:00:00,13535,170,3
2013-08-30 00:00:00,13349,911,3
2013-08-29 00:00:00,12239,-19,3
2013-08-28 00:00:00,12262,-305,3
2013-08-27 00:00:00,12650,536,3
2013-08-26 00:00:00,12006,-168,3
2013-08-25 00:00:00,12211,210,3
2013-08-24 00:00:00,12004,129,3
2013-08-23 00:00:00,11850,-287,3
2013-08-22 00:00:00,12115,-174,3
2013-08-21 00:00:00,12330,172,3
2013-08-20 00:00:00,12121,186,3
2013-08-19 00:00:00,11900,496,3
2013-08-18 00:00:00,11350,67,3
2013-08-17 00:00:00,11350,414,3
2013-08-16 00:00:00,10899,-92,3
2013-08-15 00:00:00,10999,-228,3
2013-08-14 00:00:00,11256,274,3
2013-08-13 00:00:00,10900,188,3
2013-08-12 00:00:00,10664,156,3
2013-08-11 00:00:00,10500,194,3
2013-08-10 00:00:00,10300,19,3
2013-08-09 00:00:00,10280,-26,3
2013-08-08 00:00:00,10300,-351,3
2013-08-07 00:00:00,10675,0,3
2013-08-06 00:00:00,10675,3,3
2013-08-05 00:00:00,10622,105,3
2013-08-04 00:00:00,10514,18,3
2013-08-03 00:00:00,10400,-48,3
2013-08-02 00:00:00,10450,-34,3
2013-08-01 00:00:00,10400,-208,3
2013-07-31 00:00:00,10609,-172,3
2013-07-30 00:00:00,10799,640,3
2013-07-29 00:00:00,10120,264,3
2013-07-28 00:00:00,9976,568,3
2013-07-27 00:00:00,9412,-198,3
2013-07-26 00:00:00,9602,-96,3
2013-07-25 00:00:00,9690,254,3
2013-07-24 00:00:00,9451,-110,3
2013-07-23 00:00:00,9556,432,3
2013-07-22 00:00:00,9161,-42,3
2013-07-21 00:00:00,9076,105,3
2013-07-20 00:00:00,8939,-284,3
2013-07-19 00:00:00,9217,233,3
2013-07-18 00:00:00,9058,-804,3
2013-07-17 00:00:00,9850,185,3
2013-07-16 00:00:00,9745,-146,3
2013-07-15 00:00:00,9840,512,3
2013-07-14 00:00:00,9469,-406,3
2013-07-13 00:00:00,9813,440,3
2013-07-12 00:00:00,9359,518,3
2013-07-11 00:00:00,8898,111,3
2013-07-10 00:00:00,8676,1309,3
2013-07-09 00:00:00,7669,91,3
2013-07-08 00:00:00,7652,3,3
2013-07-07 00:00:00,7456,845,3
2013-07-06 00:00:00,7028,260,3
2013-07-05 00:00:00,6843,-1445,3
2013-07-04 00:00:00,8053,208,3
2013-07-03 00:00:00,7753,-1424,3
2013-07-02 00:00:00,9013,236,3
2013-07-01 00:00:00,8805,-970,3
2013-06-30 00:00:00,9661,169,3
2013-06-29 00:00:00,9499,35,3
2013-06-28 00:00:00,9465,-697,3
2013-06-27 00:00:00,10144,-246,3
2013-06-26 00:00:00,10400,65,3
2013-06-25 00:00:00,10395,182,3
2013-06-24 00:00:00,10274,-478,3
2013-06-23 00:00:00,10760,-55,3
2013-06-22 00:00:00,10830,-110,3
2013-06-21 00:00:00,10950,-161,3
2013-06-20 00:00:00,11015,176,3
2013-06-19 00:00:00,10825,112,3
2013-06-18 00:00:00,10740,535,3
2013-06-17 00:00:00,10170,180,3
2013-06-16 00:00:00,9951,-29,3
2013-06-15 00:00:00,9999,-1,3
2013-06-14 00:00:00,9998,-382,3
2013-06-13 00:00:00,10400,-439,3
2013-06-12 00:00:00,10815,-78,3
2013-06-11 00:00:00,10890,240,3
2013-06-10 00:00:00,10635,588,3
2013-06-09 00:00:00,10000,-731,3
2013-06-08 00:00:00,10830,-243,3
2013-06-07 00:00:00,11150,-628,3
2013-06-06 00:00:00,11800,-320,3
2013-06-05 00:00:00,12165,21,3
2013-06-04 00:00:00,12142,56,3
2013-06-03 00:00:00,12222,-23,3
2013-06-02 00:00:00,12229,-542,3
2013-06-01 00:00:00,12930,37,3
2013-05-31 00:00:00,12900,16,3
2013-05-30 00:00:00,12880,-261,3
2013-05-29 00:00:00,13230,256,3
2013-05-28 00:00:00,12900,-59,3
2013-05-27 00:00:00,12974,-282,3
2013-05-26 00:00:00,13348,113,3
2013-05-25 00:00:00,13198,-84,3
2013-05-24 00:00:00,13320,546,3
2013-05-23 00:00:00,12670,234,3
2013-05-22 00:00:00,12389,81,3
2013-05-21 00:00:00,12288,70,3
2013-05-20 00:00:00,12200,-41,3
2013-05-19 00:00:00,12199,-99,3
2013-05-18 00:00:00,12350,0,3
2013-05-17 00:00:00,12301,406,3
2013-05-16 00:00:00,11876,397,3
2013-05-15 00:00:00,11422,253,3
2013-05-14 00:00:00,11150,-549,3
2013-05-13 00:00:00,11798,275,3
2013-05-12 00:00:00,11500,-55,3
2013-05-11 00:00:00,11524,-209,3
2013-05-10 00:00:00,11720,390,3
2013-05-09 00:00:00,11267,-47,3
2013-05-08 00:00:00,11357,362,3
2013-05-07 00:00:00,11150,-67,3
2013-05-06 00:00:00,11230,-317,3
2013-05-05 00:00:00,11591,267,3
2013-05-04 00:00:00,11250,1468,3
2013-05-03 00:00:00,9775,-800,3
2013-05-02 00:00:00,10521,-960,3
2013-05-01 00:00:00,11699,-1583,3
2013-04-30 00:00:00,13900,-347,3
2013-04-29 00:00:00,14454,751,3
2013-04-28 00:00:00,13421,-81,3
